사업명,사업대분류,사업세부분류,자치구,면적,위치,용도지역(기존),용도지역(변경),용적률,건폐율,층수(지상/지하),높이,공급세대,분양,임대,임대비율,유형,권역,추진단계,추진일시,자료기준일,시 담당부서,시 연락처,구 담당부서,구 연락처
가락1차현대,정비사업,재건축(공동),송파구,"32,723.2 ㎡",문정동 3,제3종일반,제3종일반,299.2%,31.33%,4/22,69.1,842세대,717,125,14.85%,재건축(공동),동남권,사업시행인가,2025.01.24,2025.05.31,서울특별시 공동주택과,2133-7148,송파구 주택사업과,2147-2903
가락극동,정비사업,재건축(공동),송파구,"40,111.5 ㎡",가락동 192,제3종일반,제3종일반,299.81%,22.35%,3/35,102.6,975세대,853,122,12.51%,재건축(공동),동남권,조합설립인가,2020.06.26,2025.05.31,서울특별시 공동주택과,2133-7148,송파구 주택사업과,2147-2904
가락미륭,정비사업,재건축(공동),송파구,"20,296.6 ㎡",가락동 138,제3종일반,제3종일반,299.25%,27.3%,3/20,59.95,614세대,529,85,13.84%,재건축(공동),동남권,사업시행인가,2024.06.27,2025.05.31,서울특별시 공동주택과,2133-7148,송파구 주택사업과,2147-2903
가락삼익맨숀,정비사업,재건축(공동),송파구,"59,721.7 ㎡",송파동 166,제3종일반,제3종일반,299.98%,18.67%,3/30,91,"1,531세대","1,358",173,11.3%,재건축(공동),동남권,사업시행인가,2023.11.13,2025.05.31,서울특별시 공동주택과,2133-7146,송파구 주택사업과,2147-2888
가락상아1차,정비사업,재건축(공동),송파구,"13,580 ㎡",오금동 166,제3종일반,제3종일반,299.75%,18.16%,2/30,91,405세대,342,63,15.56%,재건축(공동),동남권,관리처분계획인가,2025.01.07,2025.05.31,서울특별시 공동주택과,2133-7148,송파구 주택사업과,2147-2904
가락우성1차,정비사업,재건축(공동),송파구,"35,043.7 ㎡",가락동 96-1,제3종일반,제3종일반,281.88%,23.15%,3/34,109,967세대,875,92,9.51%,재건축(공동),동남권,추진위구성,2024.12.24,2025.05.31,서울특별시 공동주택과,2133-7146,송파구 주택사업과,2147-2896
가락우창,정비사업,신속통합기획,송파구,"17,235.6 ㎡",오금동 164 일대,-,-,,,,,,,,,신속통합기획,동남권,대상지선정(추진중),2024.10.18,2025.05.31,서울특별시 공동주택과,2133-7148,송파구 주택사업과,2147-2904
가락프라자,정비사업,재건축(공동),송파구,"45,808.8 ㎡",가락동 199,제3종일반,제3종일반,299.91%,22.44%,3/34,101.43,"1,068세대",953,115,10.77%,재건축(공동),동남권,관리처분계획인가,2025.03.14,2025.05.31,서울특별시 공동주택과,2133-7148,송파구 주택사업과,2147-2904
가리봉1구역,정비사업,신속통합기획,구로구,"83,949.57 ㎡",가리봉동 115 일대,-,-,,,,,,,,,신속통합기획,서남권,기획완료,2024.01.26,2025.05.31,서울특별시 신속통합기획과,2133-8304,구로구 도시개발과,860-2534
가리봉2구역,정비사업,신속통합기획,구로구,"41,515 ㎡",가리봉동 87-177 일대,-,-,,,,,,,,,신속통합기획,서남권,기획완료,2023.06.22,2025.05.31,서울특별시 신속통합기획과,2133-8304,구로구 도시개발과,860-2962
가리봉2구역,정비사업,재개발(주택정비형),구로구,"41,515 ㎡",가리봉 87-177,"제2종,제2종(7층)일반","제2종,제2종(7층),제3종일반,준주거",399.87%,50%,39층이하,120,"1,214세대","1,075",139,11.45%,재개발(주택정비형),서남권,구역지정,2025.03.13,2025.05.31,서울특별시 주거정비과,2133-7192,구로구 도시개발과,860-2963
가재울7,정비사업,재개발(주택정비형),서대문구,"80,733 ㎡",북가좌동 73-1,"제1종,제2종(7층),제2종(12층),제3종일반","제2종(7층),제3종일반",265%,50%,36층이하,-,"1,350세대","1,080",270,20%,재개발(주택정비형),서북권,조합설립인가,2022.08.09,2025.05.31,서울특별시 재정비촉진과,2133-7227,서대문구 주거정비과,330-1654
갈현1,정비사업,재개발(주택정비형),은평구,"175,794.9 ㎡",갈현동 300,"제1종,제2종(7층),제2종(12층),제3종일반","제1종,제2종(7층),제2종(12층),제3종일반",230.43%,32.59%,6/22,62.15,"4,116세대","3,496",620,15.06%,재개발(주택정비형),서북권,관리처분계획인가,2022.05.06,2025.05.31,서울특별시 주거정비과,2133-9383,은평구 정비사업신속추진단,351-7464
갈현동 12-248일대,정비사업,신속통합기획,은평구,"39,644 ㎡",갈현동 12-248일대,-,-,,,,,,,,,신속통합기획,서북권,기획완료,2024.05.10,2025.05.31,서울특별시 신속통합기획과,2133-1691,은평구 정비사업신속추진단,351-7453
강남원효성빌라,정비사업,재건축(공동),서초구,"247,290 ㎡",반포동 591-1 외5,제1종일반,제1종일반,127.11%,60%,2/4,13,103세대,103,-,-,재건축(공동),동남권,조합설립인가,2022.12.19,2025.05.31,서울특별시 공동주택과,2133-7287,서초구 재건축사업과,2155-7340
강변강서아파트,정비사업,재건축(공동),용산구,"3,775 ㎡","이촌동 193-3,5",제3종일반,제3종일반,-,-,-,-,213세대,213,-,-,재건축(공동),도심권,조합설립인가,1993.04.12,2025.05.31,서울특별시 공동주택과,2133-7283,용산구 주택과,2199-7365
개봉동 120-1,정비사업,신속통합기획,구로구,"76,163 ㎡",개봉동 120-1 일대,-,-,,,,,,,,,신속통합기획,서남권,대상지선정(추진중),2025.02.27,2025.05.31,서울특별시 신속통합기획과,2133-1688,구로구 도시개발과,860-2964
개봉동 49,정비사업,신속통합기획,구로구,"60,704.5 ㎡",개봉동 49 일대,-,-,,,,,,,,,신속통합기획,서남권,대상지선정(추진중),2024.01.11,2025.05.31,서울특별시 신속통합기획과,2133-8343,구로구 도시개발과,860-2962
개포 경남·우성3·현대1,정비사업,신속통합기획,강남구,"132,571 ㎡",개포동 649 일대,-,-,,,,,,,,,신속통합기획,동남권,기획완료,2023.08.18,2025.05.31,서울특별시 신속통합기획과,2133-8303,강남구 재건축사업과,3423-6117
개포현대2차,정비사업,신속통합기획,강남구,"62,251 ㎡",개포동 654 일대,-,-,,,,,,,,,신속통합기획,동남권,대상지선정(추진중),2025.03.12,2025.05.31,서울특별시 신속통합기획과,2133-8303,강남구 재건축사업과,3423-6117
거여새마을,정비사업,재개발(주택정비형),송파구,"71,922 ㎡",거여동 551-14,"제1종,제2종(7층),제2종,제3종일반,자연녹지","제1종,제2종(7층),제2종,제3종일반",282%,50%,35층이하,132,"1,678세대","1,207",471,28.07%,재개발(주택정비형),동남권,조합설립인가,2023.02.23,2025.05.31,서울특별시 재정비촉진과,2133-7226,송파구 주택사업과,2147-2897
고덕 현대,정비사업,신속통합기획,강동구,"37,658 ㎡",명일동 56 일대,-,-,,,,,,,,,신속통합기획,동남권,기획완료,2023.07.28,2025.05.31,서울특별시 신속통합기획과,2133-1870,강동구 재건축재개발과,3425-5985
고덕주공9,정비사업,신속통합기획,강동구,"76,091 ㎡",명일동 257,-,-,,,,,,,,,신속통합기획,동남권,대상지선정(추진중),2025.04.24,2025.05.31,서울특별시 공동주택과,2133-7299,강동구 재건축재개발과,3425-5985
고척4,정비사업,재개발(주택정비형),구로구,"42,207.9 ㎡",고척동 148,"제3종일반,준공업","제3종일반,준공업",269.8%,20.07%,3/25,75.25,983세대,835,148,15.06%,재개발(주택정비형),서남권,관리처분계획인가,2021.06.10,2025.05.31,서울특별시 주거정비과,2133-7192,구로구 도시개발과,860-2963
고척동 산업인아파트,정비사업,재건축(공동),구로구,"17,052 ㎡",고척동 57-9,"제2종(7층)일반,자연녹지","제2종(7층)일반,자연녹지",212.61%,30.36%,3/13,-,367세대,367,-,-,재건축(공동),서남권,사업시행인가,2024.06.13,2025.05.31,서울특별시 공동주택과,2133-7148,구로구 주택과,860-2203
고척동253일대,정비사업,신속통합기획,구로구,"63,024.42 ㎡",고척동 253 일대,-,-,,,,,,,,,신속통합기획,서남권,기획완료,2023.12.21,2025.05.31,서울특별시 신속통합기획과,2133-1688,구로구 도시개발과,860-2964
공덕6,정비사업,재개발(주택정비형),마포구,"10,841 ㎡",공덕동 119,제2종일반,제2종일반,234.45%,24.45%,3/20,61.1,166세대,155,11,6.63%,재개발(주택정비형),서북권,사업시행인가,2024.06.20,2025.05.31,서울특별시 주거정비과,2133-7208,마포구 주택상생과,3153-9333
공덕7,정비사업,재개발(주택정비형),마포구,"29,972 ㎡",공덕동 115-97,"제2종일반,일반상업",제2종일반,234.94%,60%,26층이하,85,703세대,597,106,15.08%,재개발(주택정비형),서북권,구역지정,2024.05.30,2025.05.31,서울특별시 주거정비과,2133-7208,마포구 주택상생과,3153-9333
공덕8,정비사업,재개발(주택정비형),마포구,"84,389 ㎡",공덕동 11-24 일대,"제2종(7층).제2종,제3종일반,일반상업","제2종(7층).제2종,제3종일반",249.89%,60%,30층이하,95,"1,564세대","1,258",306,19.57%,재개발(주택정비형),서북권,구역지정,2024.12.05,2025.05.31,서울특별시 주거정비과,2133-7208,마포구 주택상생과,3153-9333
공덕동 115-97일대,정비사업,신속통합기획,마포구,"29,972 ㎡",공덕동 115-97일대,-,-,,,,,,,,,신속통합기획,서북권,기획완료,2023.07.18,2025.05.31,서울특별시 신속통합기획과,2133-1691,마포구 주택상생과,3153-9333
공덕동 8,정비사업,신속통합기획,마포구,"82,586 ㎡",공덕동 11-24 일대,-,-,,,,,,,,,신속통합기획,서북권,기획완료,2023.07.05,2025.05.31,서울특별시 신속통합기획과,2133-1687,마포구 주택상생과,3153-9335
공평15·16지구,정비사업,신속통합기획,종로구,"12,860 ㎡",인사동 87 일대,-,-,,,,,,,,,신속통합기획,도심권,기획완료,2019.09.03,2025.05.31,서울특별시 신속통합기획과,2133-1688,종로구 도시개발과,2148-2672
광진극동,정비사업,신속통합기획,광진구,"76,364 ㎡",광장동 218-1 일대,-,-,,,,,,,,,신속통합기획,동북권,대상지선정(추진중),2024.01.30,2025.05.31,서울특별시 공동주택과,2133-7144,광진구 주거사업과,450-9722
구로동 252일대,정비사업,재개발(주택정비형),구로구,"11,428 ㎡",구로동 252일대,제2종일반,제2종일반,-,-,-,-,-세대,-,-,-,재개발(주택정비형),서남권,입안제안,2022.08.26,2025.05.31,서울특별시 주거정비과,2133-7192,구로구 도시개발과,860-2664
구로동 719,정비사업,신속통합기획,구로구,"44,231 ㎡",구로동 719 일대,-,-,,,,,,,,,신속통합기획,서남권,대상지선정(추진중),2025.02.27,2025.05.31,서울특별시 신속통합기획과,2133-1688,구로구 도시개발과,860-2964
구로우성,정비사업,신속통합기획,구로구,"16,814 ㎡",구로동 1058 일대,-,-,,,,,,,,,신속통합기획,서남권,기획완료,2024.03.11,2025.05.31,서울특별시 공동주택과,2133-7148,구로구 도시개발과,860-2963
구로우성아파트,정비사업,재건축(공동),구로구,"17,714.1 ㎡",구로동 23 일대,제3종일반,제3종일반,300%,50%,39층이하,121.5,522세대,453,69,13.22%,재건축(공동),서남권,구역지정,2025.03.06,2025.05.31,서울특별시 공동주택과,2133-7148,구로구 주택과,860-2399
구로주공,정비사업,신속통합기획,구로구,"119,243 ㎡",구로동 685-222,-,-,,,,,,,,,신속통합기획,서남권,대상지선정(추진중),2025.03.05,2025.05.31,서울특별시 신속통합기획과,2133-1688,구로구 도시개발과,860-2964
궁동 우신빌라,정비사업,신속통합기획,구로구,"51,071 ㎡",궁동 213-21 일대,-,-,,,,,,,,,신속통합기획,서남권,기획완료,2022.08.09,2025.05.31,서울특별시 신속통합기획과,2133-8303,구로구 주택과,860-2399
금강하이츠빌라,정비사업,신속통합기획,종로구,"16,934 ㎡",평창동 64-3 일대,-,-,,,,,,,,,신속통합기획,도심권,대상지선정(추진중),2023.12.28,2025.05.31,서울특별시 공동주택과,2133-7139,종로구 도시개발과,2148-2683
금호16구역,정비사업,재개발(주택정비형),성동구,"27,485 ㎡",금호동2가 501-31,제2종일반,제2종일반,235.89%,24.07%,8/16,46,595세대,475,120,20.17%,재개발(주택정비형),동북권,관리처분계획인가,2024.04.11,2025.05.31,서울특별시 주거정비과,2133-7187,성동구 주거정비과,2286-6565
금호21구역,정비사업,재개발(주택정비형),성동구,"75,447 ㎡",금호동3가 1번지 일대,"제2종(7층),제2종,제3종일반","제2종(7층),제2종,제3종일반",300%,60%,20층이하,60,"1,219세대",999,220,18.05%,재개발(주택정비형),동북권,구역지정,2024.10.18,2025.05.31,서울특별시 주거정비과,2133-7187,성동구 주거정비과,2286-6564
금호21구역,정비사업,신속통합기획,성동구,"75,447 ㎡",금호동3가 1 일대,-,-,,,,,,,,,신속통합기획,동북권,기획완료,2020.06.25,2025.05.31,서울특별시 신속통합기획과,2133-1688,성동구 주거정비과,2286-6564
금호23구역,정비사업,재개발(주택정비형),성동구,"30,191 ㎡",금호동4가 1109번지 일대,제2종일반,제2종일반,-,-,-,-,-세대,-,-,-,재개발(주택정비형),동북권,입안제안,2022.08.19,2025.05.31,서울특별시 주거정비과,2133-7187,성동구 주거정비과,2286-6577
길음5,정비사업,재개발(주택정비형),성북구,"36,334 ㎡",정릉동 175,제3종일반,제3종일반,290%,50%,30층이하,-,808세대,660,148,18.32%,재개발(주택정비형),동북권,조합설립인가,2019.08.19,2025.05.31,서울특별시 재정비촉진과,2133-7223,성북구 주거정비과,2241-2854
길훈아파트,정비사업,재건축(공동),구로구,"9,176 ㎡",개봉동 312-38,제2종(7층)일반,제2종(7층)일반,249.94%,31.57%,3/15,43.65,295세대,295,-,-,재건축(공동),서남권,착공,2022.12.09,2025.05.31,서울특별시 공동주택과,2133-7148,구로구 주택과,860-2203
노량진1,정비사업,재개발(주택정비형),동작구,"132,187 ㎡",노량진동 278-2,"제1종,제2종일반",제3종일반,265.6%,24.66%,4/33,110,"2,992세대","2,461",531,17.75%,재개발(주택정비형),서남권,사업시행인가,2023.03.07,2025.05.31,서울특별시 재정비촉진과,2133-7224,동작구 도시정비1과,820-9813
노량진2,정비사업,재개발(주택정비형),동작구,"16,208 ㎡",노량진동 312-75,제3종일반,준주거,397.94%,43.59%,4/29,104.77,421세대,315,106,25.18%,재개발(주택정비형),서남권,관리처분계획인가,2021.03.08,2025.05.31,서울특별시 재정비촉진과,2133-7224,동작구 도시정비1과,820-9332
노량진3,정비사업,재개발(주택정비형),동작구,"44,201 ㎡",노량진동 232-19,"제1종,제2종일반",제3종일반,241.26%,22.2%,3/30,110,"1,012세대",838,174,17.19%,재개발(주택정비형),서남권,사업시행인가,2021.02.26,2025.05.31,서울특별시 재정비촉진과,2133-7224,동작구 도시정비1과,820-9815
노량진4,정비사업,재개발(주택정비형),동작구,"40,512.5 ㎡",노량진동 227-121,"제1종,제3종일반",제2종일반,247.48%,22.82%,5/30,90,844세대,699,145,17.18%,재개발(주택정비형),서남권,관리처분계획인가,2022.12.19,2025.05.31,서울특별시 재정비촉진과,2133-7224,동작구 도시정비1과,820-9815
노량진5,정비사업,재개발(주택정비형),동작구,"38,017 ㎡",노량진동 270-3,제1종일반,제3종일반,270.63%,18.57%,5/28,90,727세대,597,130,17.88%,재개발(주택정비형),서남권,관리처분계획인가,2023.09.25,2025.05.31,서울특별시 재정비촉진과,2133-7224,동작구 도시정비1과,820-9814
노량진6,정비사업,재개발(주택정비형),동작구,"72,822 ㎡",노량진동 294-220,"제1종,제2종일반",제3종일반,267.94%,18.21%,4/28,87.65,"1,499세대","1,237",262,17.48%,재개발(주택정비형),서남권,관리처분계획인가,2021.01.25,2025.05.31,서울특별시 재정비촉진과,2133-7224,동작구 도시정비1과,820-9332
노량진7,정비사업,재개발(주택정비형),동작구,"33,154 ㎡",대방동 13-31,제1종일반,제2종일반,237.44%,24.33%,3/27,90,576세대,478,98,17.01%,재개발(주택정비형),서남권,관리처분계획인가,2024.05.07,2025.05.31,서울특별시 재정비촉진과,2133-7224,동작구 도시정비1과,820-9814
노량진8,정비사업,재개발(주택정비형),동작구,"55,832 ㎡",대방동 23-61,제2종일반,제2종일반,229.44%,20.08%,3/29,-,"1,007세대",835,172,17.08%,재개발(주택정비형),서남권,관리처분계획인가,2021.12.29,2025.05.31,서울특별시 재정비촉진과,2133-7224,동작구 도시정비1과,820-9813
뉴서울개나리열망연립,정비사업,재건축(공동),관악구,"14,656 ㎡",신림동 739,"제1종,제2종(7층),제2종일반","제1종,제2종(7층),제2종일반",233.16%,24.42%,3/16,47.15,306세대,275,31,10.13%,재건축(공동),서남권,사업시행인가,2023.07.13,2025.05.31,서울특별시 공동주택과,2133-7287,관악구 주택과,879-6324
당산동6가 104,정비사업,신속통합기획,영등포구,"29,742 ㎡",당산동6가 104 일대,-,-,,,,,,,,,신속통합기획,서남권,기획완료,2023.05.10,2025.05.31,서울특별시 신속통합기획과,2133-1688,영등포구 주거사업과,2670-3531
대림1구역,정비사업,신속통합기획,영등포구,"42,505 ㎡",대림동 855-1 일대,-,-,,,,,,,,,신속통합기획,서남권,기획완료,2024.01.08,2025.05.31,서울특별시 신속통합기획과,2133-1692,영등포구 주거사업과,2670-3534
대림가락,정비사업,재건축(공동),송파구,"35,241 ㎡",방이동 217,제3종일반,제3종일반,-,-,-,-,925세대,786,139,15.03%,재건축(공동),동남권,조합설립인가,2023.02.09,2025.05.31,서울특별시 공동주택과,2133-7146,송파구 주택사업과,2147-2888
대조1,정비사업,재개발(주택정비형),은평구,"89,808.4 ㎡","대조동 88,89","제2종(7층),제2종(12층)일반","제2종(7층),제2종(12층)일반",243.48%,24.83%,0/25,-,"2,451세대","2,083",368,15.01%,재개발(주택정비형),서북권,착공,2022.09.21,2025.05.31,서울특별시 주거정비과,2133-9383,은평구 정비사업신속추진단,351-7463
대치 미도,정비사업,신속통합기획,강남구,"195,080 ㎡",대치동 511 일대,-,-,,,,,,,,,신속통합기획,동남권,기획완료,2022.11.22,2025.05.31,서울특별시 신속통합기획과,2133-8303,강남구 재건축사업과,3423-6092
대치우성1·쌍용2,정비사업,신속통합기획,강남구,"54,358 ㎡","대치동 63, 65 일대",-,-,,,,,,,,,신속통합기획,동남권,대상지선정(추진중),2025.02.24,2025.05.31,서울특별시 신속통합기획과,2133-8303,강남구 재건축사업과,3423-6092
대치은마,정비사업,신속통합기획,강남구,"243,553 ㎡",대치동 316 일대,-,-,,,,,,,,,신속통합기획,동남권,대상지선정(추진중),2025.02.06,2025.05.31,서울특별시 신속통합기획과,2133-8303,강남구 재건축사업과,3423-6092
"대흥,성원,동진빌라",정비사업,재건축(공동),구로구,"55,926 ㎡",온수동 45-32,"제2종(7층),제2종일반","제2종(7층),제2종일반",195.46%,15.13%,2/25,132,"1,455세대","1,373",82,5.64%,재건축(공동),서남권,사업시행인가,2018.11.15,2025.05.31,서울특별시 공동주택과,2133-7148,구로구 주택과,860-2399
도림동 26-21 일대,정비사업,재개발(주택정비형),영등포구,"102,366 ㎡",도림동 26-21 일대,"제1종,제2종(7층),제2종일반","제1종,제2종(7층),제2종일반",-,-,-,-,-세대,-,-,-,재개발(주택정비형),서남권,입안제안,2022.08.26,2025.05.31,서울특별시 주거정비과,2133-7239,영등포구 주거사업과,2670-3534
도봉2,정비사업,재개발(주택정비형),도봉구,"12,081.5 ㎡",도봉동 95,제3종일반,제3종일반,262.43%,34.31%,2/18,55,299세대,239,60,20.07%,재개발(주택정비형),동북권,착공,2023.09.01,2025.05.31,서울특별시 주거정비과,2133-7857,도봉구 재건축재개발과,2091-3412
독산2동 380 일대,정비사업,신속통합기획,금천구,"121,830 ㎡",독산2동 380 일대,-,-,,,,,,,,,신속통합기획,서남권,대상지선정(추진중),2025.04.28,2025.05.31,서울특별시 신속통합기획과,2133-1871,금천구 주거정비과,2627-1808
독산동 1036 일대,정비사업,신속통합기획,금천구,"79,036 ㎡",독산동 1036 일대,-,-,,,,,,,,,신속통합기획,서남권,대상지선정(추진중),2024.01.11,2025.05.31,서울특별시 신속통합기획과,2133-1871,금천구 주거정비과,2627-1560
독산동 1072 일대,정비사업,신속통합기획,금천구,"81,663 ㎡",독산동 1072 일대,-,-,,,,,,,,,신속통합기획,서남권,대상지선정(추진중),2024.01.11,2025.05.31,서울특별시 신속통합기획과,2133-1871,금천구 주거정비과,2627-1808
독산시흥구역,정비사업,재개발(주택정비형),금천구,"88,326.3 ㎡",시흥1동 871번지 일대,"제1종,제2종(7층),제3종일반","제2종(7층),제3종일반",300%,50%,45층이하,150,"2,072세대","1,730",342,16.51%,재개발(주택정비형),서남권,구역지정,2025.01.16,2025.05.31,서울특별시 주거정비과,2133-7239,금천구 주거정비과,2627-1562
독산시흥구역,정비사업,신속통합기획,금천구,"88,326 ㎡",시흥동 871 일대,-,-,,,,,,,,,신속통합기획,서남권,기획완료,2023.12.26,2025.05.31,서울특별시 신속통합기획과,2133-1693,금천구 주거정비과,2627-1562
돈암6,정비사업,재개발(주택정비형),성북구,"32,982 ㎡",돈암동 48-29,"제1종,제3종일반","제1종,제3종일반",275%,24%,-,73,889세대,728,161,18.11%,재개발(주택정비형),동북권,건축심의,2023.12.12,2025.05.31,서울특별시 주거정비과,2133-7232,성북구 주거정비과,2241-2875
동선2,정비사업,재개발(주택정비형),성북구,"15,644.8 ㎡",동선동4가 304-2,"제2종(12층)일반,일반상업","제2종(12층)일반,일반상업",233.3%,24.57%,3/19,53.9,334세대,277,57,17.07%,재개발(주택정비형),동북권,관리처분계획인가,2022.05.03,2025.05.31,서울특별시 주거정비과,2133-7232,성북구 주거정비과,2241-2872
동소문2,정비사업,재개발(주택정비형),성북구,"15,319.8 ㎡",동소문동2가 33,"준주거,일반상업",준주거,430.7%,38.99%,35층이하,105,608세대,447,161,26.48%,재개발(주택정비형),동북권,조합설립인가,2008.03.17,2025.05.31,서울특별시 주거정비과,2133-7232,성북구 주거정비과,2241-2852
마장동 382 일대,정비사업,신속통합기획,성동구,"18,749 ㎡",마장동 382 일대,-,-,,,,,,,,,신속통합기획,동북권,기획완료,2023.06.30,2025.05.31,서울특별시 신속통합기획과,2133-1694,성동구 주거정비과,2286-6577
마장세림아파트,정비사업,재건축(공동),성동구,"38,866.05 ㎡",마장동 784,"제2종(7층),제2종,제3종일반","제2종(7층),제2종,제3종일반",-,-,2/29,89,996세대,915,81,8.13%,재건축(공동),동북권,조합설립인가,2023.12.22,2025.05.31,서울특별시 공동주택과,2133-7286,성동구 주거정비과,2286-6570
마천1,정비사업,재개발(주택정비형),송파구,"148,498 ㎡",마천동 194-1,"제1종,제2종(7층),제2종일반","제1종,제2종(7층),제2종일반",-,-,-,-,"2,413세대","2,018",395,16.37%,재개발(주택정비형),동남권,조합설립인가,2022.05.01,2025.05.31,서울특별시 재정비촉진과,2133-7226,송파구 주택사업과,2147-2897
마천2,정비사업,재개발(주택정비형),송파구,"91,983 ㎡",마천동 183일대,"제2종(7층),제2종(12층)일반","제2종(12층)일반,준주거",291.7%,60%,35층이하,129,"1,760세대","1,407",353,20.06%,재개발(주택정비형),동남권,구역지정,2012.07.26,2025.05.31,서울특별시 재정비촉진과,2133-7226,송파구 주택사업과,2147-2897
마천2구역,정비사업,신속통합기획,송파구,"74,926 ㎡",마천동 183 일대,-,-,,,,,,,,,신속통합기획,동남권,기획완료,2024.03.22,2025.05.31,서울특별시 신속통합기획과,2133-1693,송파구 주택사업과,2147-2897
마천3,정비사업,재개발(주택정비형),송파구,"134,930 ㎡",마천동 283,"제1종,제2종(7층),제2종일반","제1종,제2종(7층),제2종일반",300%,30%,25층이하,119,"2,364세대","1,969",395,16.71%,재개발(주택정비형),동남권,건축심의,2024.04.30,2025.05.31,서울특별시 재정비촉진과,2133-7226,송파구 주택사업과,2147-2897
마천4,정비사업,재개발(주택정비형),송파구,"60,653 ㎡",마천동 323,"제2종,제3종일반","제1종,제2종(7층),제2종,제3종일반",297.71%,21.17%,3/33,102,"1,372세대","1,065",307,22.38%,재개발(주택정비형),동남권,관리처분계획인가,2024.01.30,2025.05.31,서울특별시 재정비촉진과,2133-7226,송파구 주택사업과,2147-2900
마천5,정비사업,재개발(주택정비형),송파구,"106,514 ㎡",마천동 45 일대,"제1종,제2종(7층),제2종일반,제3종일반","제1종,제2종일반,제3종일반",250%,50%,39층이하,130,"2,041세대","1,633",408,19.99%,재개발(주택정비형),동남권,구역지정,2024.09.12,2025.05.31,서울특별시 재정비촉진과,2133-7226,송파구 주택사업과,2147-2900
마천5구역,정비사업,신속통합기획,송파구,"106,101 ㎡",마천동 93-5 일대,-,-,,,,,,,,,신속통합기획,동남권,기획완료,2023.04.20,2025.05.31,서울특별시 신속통합기획과,2133-1693,송파구 주택사업과,2147-2897
망우1(염광아파트),정비사업,재건축(공동),중랑구,"25,109.6 ㎡",망우본동 178-1,제2종일반,"제2종일반, 제3종일반",271.35%,31.69%,4/24,80,581세대,539,42,7.23%,재건축(공동),동북권,조합설립인가,2012.05.29,2025.05.31,서울특별시 주거정비과,2133-7234,중랑구 주거개선과,2094-2804
망원동 416-53,정비사업,신속통합기획,마포구,"78,695 ㎡",망원동 416-53 일대,-,-,,,,,,,,,신속통합기획,서북권,대상지선정(추진중),2023.11.22,2025.05.31,서울특별시 공동주택과,2133-7286,마포구 주택상생과,3153-9315
면목7구역,정비사업,재개발(주택정비형),중랑구,"58,400.9 ㎡",면목동 69-14,"제1종,제2종(7층),제2종일반","제2종(7층),제2종,제3종일반",299.87%,24.15%,35층이하,120,"1,447세대","1,068",379,26.19%,재개발(주택정비형),동북권,조합설립인가,2024.09.11,2025.05.31,서울특별시 주거정비과,2133-7234,중랑구 주택개발추진단,2094-6893
면목7구역,정비사업,신속통합기획,중랑구,"58,400 ㎡",면목동 69-14 일대,-,-,,,,,,,,,신속통합기획,동북권,기획완료,2023.02.28,2025.05.31,서울특별시 신속통합기획과,2133-8343,중랑구 주택개발추진단,2094-6893
면목8구역,정비사업,신속통합기획,중랑구,"51,258 ㎡",면목동 172-1 일대,-,-,,,,,,,,,신속통합기획,동북권,기획완료,2024.12.30,2025.05.31,서울특별시 신속통합기획과,2133-8343,중랑구 주택개발추진단,2094-6892
면목9구역,정비사업,재개발(주택정비형),중랑구,"40,937.52 ㎡",면목동 527일대,"제1종,제2종(7층),제3종일반","제1종,제2종(7층),제3종일반",275.37%,24.09%,30층이하,135.5,"1,057세대",826,231,21.85%,재개발(주택정비형),동북권,입안제안,2022.08.26,2025.05.31,서울특별시 주거정비과,2133-7234,중랑구 주택개발추진단,2094-6894
면목동 174-1 일대,정비사업,신속통합기획,중랑구,"35,969.7 ㎡",면목동 174-1 일대,-,-,,,,,,,,,신속통합기획,동북권,대상지선정(추진중),2024.12.13,2025.05.31,서울특별시 신속통합기획과,2133-8343,중랑구 주택개발추진단,2094-6892
명일 신동아,정비사업,신속통합기획,강동구,"39,559 ㎡",명일동 44 일대,-,-,,,,,,,,,신속통합기획,동남권,대상지선정(추진중),2024.03.18,2025.05.31,서울특별시 공동주택과,2133-7299,강동구 재건축재개발과,3425-5985
명일한양,정비사업,신속통합기획,강동구,"39,677 ㎡",명일동 54 일대,-,-,,,,,,,,,신속통합기획,동남권,대상지선정(추진중),2024.08.08,2025.05.31,서울특별시 공동주택과,2133-7299,강동구 재건축재개발과,3425-5985
목2동232 일대,정비사업,신속통합기획,양천구,"21,161 ㎡",목동 232 일대,-,-,,,,,,,,,신속통합기획,서남권,기획완료,2024.06.24,2025.05.31,서울특별시 신속통합기획과,2133-8343,양천구 도시계획과,2620-3512
목동 6단지,정비사업,신속통합기획,양천구,"102,424 ㎡",목동 911,-,-,,,,,,,,,신속통합기획,서남권,기획완료,2023.08.30,2025.05.31,서울특별시 공동주택과,2133-7286,양천구 재건축사업과,2620-3459
목동10단지,정비사업,신속통합기획,양천구,"194,686 ㎡",신정동 311,-,-,,,,,,,,,신속통합기획,서남권,대상지선정(추진중),2024.01.31,2025.05.31,서울특별시 공동주택과,2133-7286,양천구 재건축사업과,2620-3459
목동11단지,정비사업,신속통합기획,양천구,"128,668 ㎡",신정동 325 일대,-,-,,,,,,,,,신속통합기획,서남권,대상지선정(추진중),2024.11.01,2025.05.31,서울특별시 공동주택과,2133-7286,양천구 재건축사업과,2620-3458
목동12단지,정비사업,신속통합기획,양천구,"127,339.5 ㎡",신정동 326,-,-,,,,,,,,,신속통합기획,서남권,기획완료,2024.11.08,2025.05.31,서울특별시 공동주택과,2133-7286,양천구 재건축사업과,2620-3458
목동12단지,정비사업,재건축(공동),양천구,"127,339 ㎡",신정동 326 일대,"제1종,제3종일반","제1종,제3종일반",299.99%,50%,43층이하,145,"2,810세대","2,443",367,13.06%,재건축(공동),서남권,구역지정,2025.03.13,2025.05.31,서울특별시 공동주택과,2133-7286,양천구 재건축사업과,2620-3458
목동13단지,정비사업,재건축(공동),양천구,"178,919 ㎡",신정동 327 일대,"제1종,제3종일반","제1종,제3종일반",30%,50%,49층이하,156,"3,852세대","3,284",568,14.75%,재건축(공동),서남권,구역지정,2025.03.13,2025.05.31,서울특별시 공동주택과,2133-7286,양천구 재건축사업과,2620-3458
목동13단지,정비사업,신속통합기획,양천구,"178,919.9 ㎡",신정동 327,-,-,,,,,,,,,신속통합기획,서남권,기획완료,2024.10.30,2025.05.31,서울특별시 공동주택과,2133-7286,양천구 재건축사업과,2620-3458
목동14단지,정비사업,신속통합기획,양천구,"250,722 ㎡",신정동 331,-,-,,,,,,,,,신속통합기획,서남권,기획완료,2024.11.05,2025.05.31,서울특별시 공동주택과,2133-7286,양천구 재건축사업과,2620-3458
목동14단지,정비사업,재건축(공동),양천구,"250,722.1 ㎡",신정동 329 일대,"제1종,제3종일반","제1종,제3종일반",300%,50%,49층이하,180,"5,123세대","4,394",729,14.23%,재건축(공동),서남권,구역지정,2025.03.06,2025.05.31,서울특별시 공동주택과,2133-7286,양천구 재건축사업과,2620-3458
목동1단지,정비사업,신속통합기획,양천구,"165,497 ㎡",목동 901 일대,-,-,,,,,,,,,신속통합기획,서남권,대상지선정(추진중),2024.11.05,2025.05.31,서울특별시 공동주택과,2133-7286,양천구 재건축사업과,2620-3443
목동2단지,정비사업,신속통합기획,양천구,"159,253 ㎡",목동 902 일대,-,-,,,,,,,,,신속통합기획,서남권,대상지선정(추진중),2024.12.05,2025.05.31,서울특별시 공동주택과,2133-7286,양천구 재건축사업과,2620-3443
목동3단지,정비사업,신속통합기획,양천구,"159,544 ㎡",목동 903 일대,-,-,,,,,,,,,신속통합기획,서남권,대상지선정(추진중),2024.12.05,2025.05.31,서울특별시 공동주택과,2133-7286,양천구 재건축사업과,2620-3443
목동4단지,정비사업,신속통합기획,양천구,"101,514.5 ㎡",목동 904,-,-,,,,,,,,,신속통합기획,서남권,대상지선정(추진중),2023.10.30,2025.05.31,서울특별시 공동주택과,2133-7286,양천구 재건축사업과,2620-3443
목동5단지,정비사업,신속통합기획,양천구,"70,485.4 ㎡",목동 913-4,-,-,,,,,,,,,신속통합기획,서남권,대상지선정(추진중),2023.10.19,2025.05.31,서울특별시 공동주택과,2133-7286,양천구 재건축사업과,2620-3459
목동7단지,정비사업,신속통합기획,양천구,"229,578.9 ㎡",신정동 925,-,-,,,,,,,,,신속통합기획,서남권,대상지선정(추진중),2023.06.29,2025.05.31,서울특별시 공동주택과,2133-7286,양천구 재건축사업과,2620-3459
목동8단지,정비사업,재건축(공동),양천구,"88,842.3 ㎡",신정동 314 일대,"제1종,제3종일반","제1종,제3종일반",300%,50%,49층이하,180,"1,881세대","1,588",293,15.58%,재건축(공동),서남권,구역지정,2025.03.13,2025.05.31,서울특별시 공동주택과,2133-7286,양천구 재건축사업과,2620-3456
목동8단지,정비사업,신속통합기획,양천구,"88,599 ㎡",신정동 314,-,-,,,,,,,,,신속통합기획,서남권,기획완료,2024.10.30,2025.05.31,서울특별시 공동주택과,2133-7286,양천구 재건축사업과,2620-3456
목동9단지,정비사업,신속통합기획,양천구,"158,115 ㎡",신정동 313,-,-,,,,,,,,,신속통합기획,서남권,대상지선정(추진중),2024.01.31,2025.05.31,서울특별시 공동주택과,2133-7286,양천구 재건축사업과,2620-3456
무교다동구역 4지구,정비사업,신속통합기획,중구,"4,736 ㎡",무교동 45외 2 일대,-,-,,,,,,,,,신속통합기획,도심권,대상지선정(추진중),2025.04.07,2025.05.31,서울특별시 신속통합기획과,2133-8304,중구 도심정비과,3396-5772
문래동국화아파트,정비사업,재건축(공동),영등포구,"17,794 ㎡",문래동3가 76-1,준공업,준공업,-,-,-,-,354세대,324,30,8.47%,재건축(공동),서남권,조합설립인가,2024.11.28,2025.05.31,서울특별시 공동주택과,2133-7141,영등포구 주거사업과,2670-3506
문래동남성아파트,정비사업,재건축(공동),영등포구,"15,669 ㎡",문래동2가 35,준공업,준공업,299.15%,21.14%,-,79.9,488세대,436,52,10.66%,재건축(공동),서남권,사업시행인가,2021.07.23,2025.05.31,서울특별시 공동주택과,2133-7141,영등포구 주거사업과,2670-3885
문래동진주아파트,정비사업,재건축(공동),영등포구,"11,188 ㎡",문래동5가 22,준공업,준공업,299.98%,26.02%,3/21,-,324세대,284,40,12.35%,재건축(공동),서남권,관리처분계획인가,2023.08.17,2025.05.31,서울특별시 공동주택과,2133-7141,영등포구 주거사업과,2670-3501
미성동 건영아파트,정비사업,재건축(공동),관악구,"20,789 ㎡",미성동 746-43,"제2종,제3종일반","제2종,제3종일반",249.88%,27.09%,3/23,-,601세대,551,50,8.32%,재건축(공동),서남권,조합설립인가,2020.12.30,2025.05.31,서울특별시 공동주택과,2133-7287,관악구 주택과,879-6322
미아11,정비사업,재개발(주택정비형),강북구,"11,526 ㎡",미아동 791-108,"제2종(7층),제3종일반",제2종일반,-,-,-,-,598세대,495,103,17.22%,재개발(주택정비형),동북권,건축심의,2023.06.30,2025.05.31,서울특별시 주거정비과,2133-7203,강북구 주거정비과,901-2553
미아2,정비사업,재개발(주택정비형),강북구,"179,566 ㎡",미아동 403,"제1종,제2종(7층),제2종일반","제1종,제2종(7층),제2종일반",260.89%,24.84%,35층이하,105,"3,519세대","2,915",604,17.16%,재개발(주택정비형),동북권,조합설립인가,2016.05.31,2025.05.31,서울특별시 재정비촉진과,2133-7226,강북구 주거정비과,901-2564
미아3재정비촉진,정비사업,재개발(주택정비형),강북구,"57,553 ㎡",미아동 439,"제2종,제3종일반","제2종,제3종일반",229.06%,25.1%,3/29,81.9,"1,037세대",858,179,17.26%,재개발(주택정비형),동북권,관리처분계획인가,2024.06.03,2025.05.31,서울특별시 재정비촉진과,2133-7226,강북구 주거정비과,901-2562
미아4-1,정비사업,신속통합기획,강북구,"51,625 ㎡",미아동 8-373 일대,-,-,,,,,,,,,신속통합기획,동북권,기획완료,2022.11.09,2025.05.31,서울특별시 신속통합기획과,2133-1686,강북구 주거정비과,901-2555
미아동 75,정비사업,신속통합기획,강북구,"55,000 ㎡",미아동 75 일대,-,-,,,,,,,,,신속통합기획,동북권,대상지선정(추진중),2025.02.17,2025.05.31,서울특별시 신속통합기획과,2133-1687,강북구 주거정비과,901-2555
미아동 130 일대,정비사업,신속통합기획,강북구,"71,059.5 ㎡",미아동 130 일대,-,-,,,,,,,,,신속통합기획,동북권,대상지선정(추진중),2024.12.13,2025.05.31,서울특별시 신속통합기획과,2133-1694,강북구 주거정비과,901-2554
미아동 258,정비사업,신속통합기획,강북구,"145,065 ㎡",미아동 258 일대,-,-,,,,,,,,,신속통합기획,동북권,대상지선정(추진중),2024.10.23,2025.05.31,서울특별시 신속통합기획과,2133-1687,강북구 주거정비과,901-2554
미아동 345-1 일대,정비사업,신속통합기획,강북구,"44,061 ㎡",미아동 345-1 일대,-,-,,,,,,,,,신속통합기획,동북권,대상지선정(추진중),2024.03.28,2025.05.31,서울특별시 신속통합기획과,2133-1694,강북구 주거정비과,901-2556
미아동 791-2882 일대,정비사업,신속통합기획,강북구,"140,696 ㎡",미아동 791-2882 일대,-,-,,,,,,,,,신속통합기획,동북권,기획완료,2024.06.28,2025.05.31,서울특별시 신속통합기획과,2133-1694,강북구 주거정비과,901-2552
반포미도1차,정비사업,재건축(공동),서초구,"76,527 ㎡",반포동 60-4,"제1종,제3종일반","제1종,제3종일반",-,-,-,-,"1,739세대","1,531",208,11.96%,재건축(공동),동남권,추진위구성,2025.01.24,2025.05.31,서울특별시 공동주택과,2133-7147,서초구 재건축사업과,2155-7348
반포미도2차,정비사업,신속통합기획,서초구,"18,864 ㎡",반포동 60-5 일대,-,-,,,,,,,,,신속통합기획,동남권,대상지선정(추진중),2024.10.23,2025.05.31,서울특별시 공동주택과,2133-7147,서초구 재건축사업과,2155-7358
반포주공1단지(3주구),정비사업,재건축(공동),서초구,"117,114 ㎡",반포동 1109,"제1종,제2종(7층),제2종(12층),제3종일반,자연녹지","제1종,제2종(7층),제2종(12층),제3종일반,자연녹지",269.71%,20.67%,3/35,111,"2,091세대","2,091",-,-,재건축(공동),동남권,착공,2023.03.03,2025.05.31,서울특별시 공동주택과,2133-7147,서초구 재건축사업과,2155-7348
방배 임광3차,정비사업,신속통합기획,서초구,"12,271.1 ㎡",방배동 1011-1 일대,-,-,,,,,,,,,신속통합기획,동남권,대상지선정(추진중),2024.09.02,2025.05.31,서울특별시 공동주택과,2133-7287,서초구 재건축사업과,2155-7348
방배삼익,정비사업,재건축(공동),서초구,"25,790.9 ㎡",방배동 1018-1,제3종일반,제3종일반,294.45%,25.04%,5/27,80.5,707세대,621,86,12.16%,재건축(공동),동남권,착공,2023.11.21,2025.05.31,서울특별시 공동주택과,2133-7287,서초구 재건축사업과,2155-7346
방배삼호,정비사업,재건축(공동),서초구,"40,995.3 ㎡",방배동 771-1,제3종일반,제3종일반,-,-,-,-,804세대,804,-,-,재건축(공동),동남권,추진위구성,2021.10.19,2025.05.31,서울특별시 공동주택과,2133-7287,서초구 재건축사업과,2155-7340
방배삼호,정비사업,신속통합기획,서초구,"46,525 ㎡",방배동 771-1 일대,-,-,,,,,,,,,신속통합기획,동남권,대상지선정(추진중),2025.03.25,2025.05.31,서울특별시 공동주택과,2133-7147,서초구 재건축사업과,2155-7348
방배신동아,정비사업,재건축(공동),서초구,"36,113.1 ㎡",방배동 988-1,제3종일반,제3종일반,299.98%,16.39%,3/35,102.4,843세대,734,109,12.93%,재건축(공동),동남권,관리처분계획인가,2023.10.12,2025.05.31,서울특별시 공동주택과,2133-7287,서초구 재건축사업과,2155-7346
방배신삼호,정비사업,재건축(공동),서초구,"44,106 ㎡",방배동 725,"제2종(7층),제3종일반","제2종(7층),제3종일반",-,-,-,-,857세대,716,141,16.45%,재건축(공동),동남권,조합설립인가,2019.03.15,2025.05.31,서울특별시 공동주택과,2133-7287,서초구 재건축사업과,2155-8791
방학3구역,정비사업,신속통합기획,도봉구,"72,533.1 ㎡",방학동 685-1 일대,-,-,,,,,,,,,신속통합기획,동북권,기획완료,2024.02.07,2025.05.31,서울특별시 신속통합기획과,2133-1691,도봉구 재건축재개발과,2091-3412
방화2,정비사업,재개발(주택정비형),강서구,"34,900 ㎡",방화동 589-13,제2종(7층)일반,제2종일반,230%,30%,-,57.86,728세대,613,115,15.8%,재개발(주택정비형),서남권,조합설립인가,2024.03.21,2025.05.31,서울특별시 재정비촉진과,2133-7187,강서구 도시재생과,2600-6747
방화2구역,정비사업,신속통합기획,강서구,"34,900 ㎡",방화동 589-13 일대,-,-,,,,,,,,,신속통합기획,서남권,기획완료,2023.01.31,2025.05.31,서울특별시 신속통합기획과,2133-1693,강서구 도시재생과,2600-6747
번동 148,정비사업,신속통합기획,강북구,"97,536 ㎡",번동 148 일대,-,-,,,,,,,,,신속통합기획,동북권,대상지선정(추진중),2024.10.23,2025.05.31,서울특별시 신속통합기획과,2133-1687,강북구 주거정비과,901-2555
번동 441-3일대,정비사업,신속통합기획,강북구,"34,190 ㎡",번동 441-3일대,-,-,,,,,,,,,신속통합기획,동북권,기획완료,2023.12.28,2025.05.31,서울특별시 신속통합기획과,2133-1687,강북구 주거정비과,901-2555
번동주공1단지,정비사업,신속통합기획,강북구,"75,682.5 ㎡",번동 242 일대,-,-,,,,,,,,,신속통합기획,동북권,대상지선정(추진중),2025.02.17,2025.05.31,서울특별시 신속통합기획과,2133-1694,강북구 주거정비과,901-2555
법원단지1,정비사업,신속통합기획,관악구,"196,841 ㎡",신림동 610-220 일대,-,-,,,,,,,,,신속통합기획,서남권,대상지선정(추진중),2025.04.28,2025.05.31,서울특별시 신속통합기획과,2133-1689,관악구 주택과,879-6392
보광아파트,정비사업,재건축(공동),구로구,"32,953 ㎡",구로동 440,"제2종(7층),제2종,제3종일반","제2종(7층),제2종,제3종일반",243.53%,25.49%,2/20,-,675세대,675,-,-,재건축(공동),서남권,사업시행인가,2023.03.10,2025.05.31,서울특별시 공동주택과,2133-7148,구로구 주택과,860-2942
보문5,정비사업,재개발(주택정비형),성북구,"8,862.3 ㎡",보문동1가 196-11,"제2종(7층)일반,준주거",준주거,295.79%,39.95%,2/27,84.69,199세대,199,-,-,재개발(주택정비형),동북권,착공,2023.06.08,2025.05.31,서울특별시 주거정비과,2133-7232,성북구 주거정비과,2241-2863
본동,정비사업,재개발(주택정비형),동작구,"51,696 ㎡",본동 47번지 일대,"제1종,제2종,제3종일반,일반상업","제1종,제2종,제3종일반,일반상업",-,-,-,-,-세대,-,-,-,재개발(주택정비형),서남권,입안제안,2021.02.24,2025.05.31,서울특별시 주거정비과,2133-7238,동작구 도시정비1과,820-9802
봉천13,정비사업,재개발(주택정비형),관악구,"12,272.5 ㎡",봉천동 922-1,제3종일반,준주거,499.86%,56.02%,23층이하,80,438세대,283,155,35.39%,재개발(주택정비형),서남권,조합설립인가,2022.02.10,2025.05.31,서울특별시 주거정비과,2133-7208,관악구 주택과,879-6306
봉천14,정비사업,재개발(주택정비형),관악구,"54,817.7 ㎡",봉천동 1-13,제3종일반,제3종일반,250%,50%,27층이하,86,"1,571세대","1,346",225,14.32%,재개발(주택정비형),서남권,건축심의,2023.08.29,2025.05.31,서울특별시 주거정비과,2133-7208,관악구 주택과,879-6304
봉천4-1-3,정비사업,재개발(주택정비형),관악구,"30,080.9 ㎡",봉천동 480,"제2종(7층),제3종일반","제2종(7층),제3종일반",259.53%,27.01%,3/28,83.15,855세대,694,161,18.83%,재개발(주택정비형),서남권,사업시행인가,2024.05.30,2025.05.31,서울특별시 주거정비과,2133-7208,관악구 주택과,879-6303
북가좌동 74-107 일대,정비사업,신속통합기획,서대문구,"26,163 ㎡",북가좌동 74-107 일대,-,-,,,,,,,,,신속통합기획,서북권,대상지선정(추진중),2025.02.27,2025.05.31,서울특별시 주거정비과,2133-7236,서대문구 홍제지구활성화추진단,330-1694
북아현2,정비사업,재개발(주택정비형),서대문구,"122,776.1 ㎡",북아현동 520,"제2종(7층),제2종(12층),준주거","제2종(7층),제2종(12층),준주거",260.2%,21.68%,5/29,89.25,"2,332세대","1,931",401,17.2%,재개발(주택정비형),서북권,사업시행인가,2022.03.17,2025.05.31,서울특별시 재정비촉진과,2133-7224,서대문구 주거정비과,330-8793
북아현3,정비사업,재개발(주택정비형),서대문구,"272,481.8 ㎡",북아현동 3-66,"제1종,제2종(7층),제2종(12층),제3종일반,준주거","제1종,제2종(7층),제2종(12층),제3종일반,준주거",251.11%,17.42%,6/32,101.95,"4,776세대","3,964",812,17%,재개발(주택정비형),서북권,사업시행인가,2011.09.01,2025.05.31,서울특별시 재정비촉진과,2133-7224,서대문구 주거정비과,330-8793
불광5,정비사업,재개발(주택정비형),은평구,"95,042 ㎡",불광동 238,"제1종,제2종(7층),제2종,제3종일반","제1종,제2종(7층),제2종,제3종일반",236%,19.6%,3/24,-,"2,387세대","2,013",374,15.67%,재개발(주택정비형),서북권,관리처분계획인가,2021.09.23,2025.05.31,서울특별시 주거정비과,2133-9383,은평구 정비사업신속추진단,351-7463
불광8,정비사업,재개발(주택정비형),은평구,"13,145 ㎡",불광동 600 일대,"제2종(7층),제2종일반,준주거","제2종(7층),준주거",250%,60%,25층이하,80,341세대,280,61,17.89%,재개발(주택정비형),서북권,구역지정,2024.10.17,2025.05.31,서울특별시 주거정비과,2133-9383,은평구 정비사업신속추진단,351-7463
불광동 359-1,정비사업,신속통합기획,은평구,"104,783 ㎡",불광동 359-1 일대,-,-,,,,,,,,,신속통합기획,서북권,대상지선정(추진중),2025.02.27,2025.05.31,서울특별시 신속통합기획과,2133-8343,은평구 정비사업신속추진단,351-7463
불광동 600 일대,정비사업,신속통합기획,은평구,"13,004 ㎡",불광동 600 일대,-,-,,,,,,,,,신속통합기획,서북권,기획완료,2023.06.16,2025.05.31,서울특별시 신속통합기획과,2133-1694,은평구 정비사업신속추진단,351-7463
불광미성,정비사업,신속통합기획,은평구,"60,720 ㎡",불광동 248,-,-,,,,,,,,,신속통합기획,서북권,대상지선정(추진중),2023.11.30,2025.05.31,서울특별시 공동주택과,2133-7148,은평구 정비사업신속추진단,351-7472
사근동 293 일대,정비사업,신속통합기획,성동구,"28,165 ㎡",사근동 293 일대,-,-,,,,,,,,,신속통합기획,동북권,기획완료,2023.12.28,2025.05.31,서울특별시 신속통합기획과,2133-1694,성동구 주거정비과,2286-6577
사당동 288일대,정비사업,신속통합기획,동작구,"26,402.5 ㎡",사당동 288일대,-,-,,,,,,,,,신속통합기획,서남권,기획완료,2025.01.17,2025.05.31,서울특별시 신속통합기획과,2133-1870,동작구 도시정비1과,820-9816
사당동 305-35 일대,정비사업,신속통합기획,동작구,"41,316 ㎡",사당동 305-35 일대,-,-,,,,,,,,,신속통합기획,서남권,대상지선정(추진중),2025.02.27,2025.05.31,서울특별시 신속통합기획과,2133-1692,동작구 도시정비1과,820-9816
사당동 63-1 일대,정비사업,신속통합기획,동작구,"41,275.5 ㎡",사당동 63-1 일대,-,-,,,,,,,,,신속통합기획,서남권,대상지선정(추진중),2024.10.21,2025.05.31,서울특별시 신속통합기획과,2133-1686,동작구 도시정비1과,820-1137
산새마을,정비사업,신속통합기획,은평구,"50,394 ㎡",신사동 237 일대,-,-,,,,,,,,,신속통합기획,서북권,기획완료,2024.08.29,2025.05.31,서울특별시 주거정비과,2133-7189,은평구 정비사업신속추진단,351-7462
산호아파트,정비사업,재건축(공동),용산구,"21,117.3 ㎡",원효로4가 118-16,제3종일반,제3종일반,280%,25.98%,3/35,109,647세대,574,73,11.28%,재건축(공동),도심권,사업시행인가,2024.03.29,2025.05.31,서울특별시 공동주택과,2133-7283,용산구 주택과,2199-7363
삼선5,정비사업,재개발(주택정비형),성북구,"48,086.8 ㎡",삼선동2가 296,제2종일반,제2종일반,230.29%,25.87%,4/18,51.1,"1,223세대","1,015",208,17.01%,재개발(주택정비형),동북권,착공,2022.10.04,2025.05.31,서울특별시 주거정비과,2133-7232,성북구 주거정비과,2241-2863
삼호가든5차,정비사업,재건축(공동),서초구,"13,691.6 ㎡",반포동 30-1,제3종일반,제3종일반,-,-,-,-,317세대,271,46,14.51%,재건축(공동),동남권,건축심의,2024.02.13,2025.05.31,서울특별시 공동주택과,2133-7287,서초구 재건축사업과,2155-7345
삼환가락,정비사업,재건축(공동),송파구,"37,446.03 ㎡",가락동 176,제3종일반,제3종일반,299.86%,18.69%,4/35,104,"1,101세대",981,120,10.9%,재건축(공동),동남권,사업시행인가,2024.02.28,2025.05.31,서울특별시 공동주택과,2133-7148,송파구 주택사업과,2147-2896
삼환도봉,정비사업,신속통합기획,도봉구,"28,616 ㎡",도봉2동 87 일대,-,-,,,,,,,,,신속통합기획,동북권,대상지선정(추진중),2024.04.15,2025.05.31,서울특별시 공동주택과,2133-7144,도봉구 재건축재개발과,2091-3403
상계1,정비사업,재개발(주택정비형),노원구,"86,976 ㎡",상계동 5-16,"제1종,제2종(7층),제3종일반,자연녹지","제1종,제2종,제3종일반,자연녹지",215.54%,17.37%,5/25,73.7,"1,388세대","1,098",290,20.89%,재개발(주택정비형),동북권,사업시행인가,2020.10.19,2025.05.31,서울특별시 재정비촉진과,2133-7222,노원구 미래도시과,2116-3927
상계2,정비사업,재개발(주택정비형),노원구,"100,842 ㎡",상계동 111-206,"제1종,제2종(7층),제3종일반,자연녹지","제1종,제2종(7층),제2종,제3종일반,자연녹지",244.21%,27.93%,8/25,71.85,"2,200세대","1,685",515,23.41%,재개발(주택정비형),동북권,사업시행인가,2021.09.02,2025.05.31,서울특별시 재정비촉진과,2133-7222,노원구 미래도시과,2116-3928
상계3,정비사업,재개발(주택정비형),노원구,"121,862 ㎡",상계동 71-183 일원,"제1종,제2종(7층),제3종일반,자연녹지","제1종,제2종(7층),제2종,제3종일반,자연녹지",250%,60%,27층이하,-,"2,550세대","2,001",549,21.53%,재개발(주택정비형),동북권,구역지정,2024.10.24,2025.05.31,서울특별시 재정비촉진과,2133-7222,노원구 미래도시과,2116-3928
상계5,정비사업,재개발(주택정비형),노원구,"115,964 ㎡",상계동 109-43,"제1종,제2종(7층),제2종,제3종일반,준주거","제2종(7층),제2종,제3종일반,준주거",290.49%,50%,33층이하,112,"2,042세대","1,693",349,17.09%,재개발(주택정비형),동북권,건축심의,2009.06.23,2025.05.31,서울특별시 재정비촉진과,2133-7222,노원구 미래도시과,2116-3927
상계5동 일대,정비사업,신속통합기획,노원구,"198,161 ㎡",상계동 154-3 일대,-,-,,,,,,,,,신속통합기획,동북권,기획완료,2023.06.28,2025.05.31,서울특별시 신속통합기획과,2133-1693,노원구 재건축사업과,2116-3918
상계5동 일대,정비사업,재개발(주택정비형),노원구,"216,364.5 ㎡",상계5동 154-3 일대,"제2종(7층),제2종일반,제3종일반","제2종(7층),제2종일반,제3종일반",284.99%,50%,39층이하,130,"4,591세대","3,727",864,18.82%,재개발(주택정비형),동북권,구역지정,2025.04.17,2025.05.31,서울특별시 재정비촉진과,2133-7222,노원구 미래도시과,2116-3927
상계보람,정비사업,신속통합기획,노원구,"142,185 ㎡",상계동 639 일대,-,-,,,,,,,,,신속통합기획,동북권,대상지선정(추진중),2024.12.20,2025.05.31,서울특별시 공동주택과,2133-7144,노원구 재건축사업과,2116-3912
상계주공5단지,정비사업,신속통합기획,노원구,"33,854.6 ㎡",상계동 721 일대,-,-,,,,,,,,,신속통합기획,동북권,기획완료,2020.06.25,2025.05.31,서울특별시 신속통합기획과,2133-1688,노원구 재건축사업과,2116-3907
상계주공6단지,정비사업,신속통합기획,노원구,"103,491 ㎡",상계동 720 일대,-,-,,,,,,,,,신속통합기획,동북권,대상지선정(추진중),2023.11.22,2025.05.31,서울특별시 공동주택과,2133-7144,노원구 재건축사업과,2116-3912
상도14구역,정비사업,신속통합기획,동작구,"50,142 ㎡",상도동 244 일대,-,-,,,,,,,,,신속통합기획,서남권,기획완료,2023.06.26,2025.05.31,서울특별시 신속통합기획과,2133-8304,동작구 도시정비1과,820-9806
상도15구역,정비사업,신속통합기획,동작구,"126,218 ㎡",상도동 279 일대,-,-,,,,,,,,,신속통합기획,서남권,기획완료,2024.03.06,2025.05.31,서울특별시 신속통합기획과,2133-8304,동작구 도시정비1과,820-9809
상봉13구역,정비사업,재개발(주택정비형),중랑구,"49,586.19 ㎡",망우본동 461-12,"제2종(7층),제2종,제3종일반","제3종일반,준주거",345.41%,32.47%,37층이하,120,"1,249세대",979,270,21.62%,재개발(주택정비형),도심권,구역지정,2025.03.27,2025.05.31,서울특별시 주거정비과,2133-7234,중랑구 주택개발추진단,2094-6894
상봉13구역,정비사업,신속통합기획,중랑구,"49,586 ㎡",망우동 461 일대,-,-,,,,,,,,,신속통합기획,동북권,기획완료,2024.01.15,2025.05.31,서울특별시 신속통합기획과,2133-1687,중랑구 주택개발추진단,2094-6894
서계동통합,정비사업,신속통합기획,용산구,"116,067 ㎡",서계동 244 일대,-,-,,,,,,,,,신속통합기획,도심권,기획완료,2024.06.24,2025.05.31,서울특별시 신속통합기획과,2133-1687,용산구 재정비사업과,2199-7407
서빙고 신동아,정비사업,신속통합기획,용산구,"114,256 ㎡",서빙고동 241-21,-,-,,,,,,,,,신속통합기획,도심권,기획완료,2024.08.19,2025.05.31,서울특별시 신속통합기획과,2133-1694,용산구 주택과,2199-7366
서울가든빌라,정비사업,재건축(공동),구로구,"26,743 ㎡",오류동 97-4,"제2종(7층),제2종일반","제2종(7층),제2종일반",-,-,-,-,653세대,582,71,10.87%,재건축(공동),서남권,구역지정,2024.03.07,2025.05.31,서울특별시 공동주택과,2133-7148,구로구 주택과,860-2941
서초 진흥,정비사업,신속통합기획,서초구,"41,947 ㎡",서초동 1315외 4필지,-,-,,,,,,,,,신속통합기획,동남권,기획완료,2023.07.13,2025.05.31,서울특별시 신속통합기획과,2133-8304,서초구 재건축사업과,2155-7364
서초신동아(2023-349),정비사업,재건축(공동),서초구,"45,532.48 ㎡",서초동 1333,제3종일반,제3종일반,288.8%,19.89%,3/35,101,"1,161세대","1,161",-,-,재건축(공동),동남권,착공,2024.12.31,2025.05.31,서울특별시 공동주택과,2133-7287,서초구 재건축사업과,2155-7395
서초진흥아파트,정비사업,재건축(공동),서초구,"37,874.9 ㎡",서초동 1315,제3종일반,제3종일반,-,-,-,-,615세대,615,-,-,재건축(공동),동남권,조합설립인가,2020.03.12,2025.05.31,서울특별시 공동주택과,2133-7287,서초구 재건축사업과,2155-7364
석관동 62-1일대,정비사업,신속통합기획,성북구,"61,787 ㎡",석관동 62-1일대,-,-,,,,,,,,,신속통합기획,동북권,기획완료,2024.01.26,2025.05.31,서울특별시 신속통합기획과,2133-1693,성북구 도시정비신속추진단,2241-2842
성북1,정비사업,재개발(주택정비형),성북구,"109,639 ㎡",성북동 179-68,"제1종,제2종(7층)","제1종,제2종(7층),제2종일반",240.35%,60%,30층이하,100,"2,086세대","1,668",418,20.04%,재개발(주택정비형),동북권,조합설립인가,2024.10.31,2025.05.31,서울특별시 주거정비과,2133-7232,성북구 주거정비과,2241-2872
성북2,정비사업,재개발(주택정비형),성북구,"75,073 ㎡",성북동 226-103,"제1종전용,제1종일반,자연녹지","제1종전용,제1종일반,자연녹지",89.93%,37.38%,3/4,-,191세대,191,-,-,재개발(주택정비형),동북권,사업시행인가,2024.09.05,2025.05.31,서울특별시 재정비촉진과,2133-7223,성북구 주거정비과,2241-2855
성북동 3-38,정비사업,신속통합기획,성북구,"67,308 ㎡",성북동 3-38 일대,-,-,,,,,,,,,신속통합기획,동북권,대상지선정(추진중),2023.11.22,2025.05.31,서울특별시 주거정비과,2133-7232,성북구 도시정비신속추진단,2241-2784
성산시영아파트,정비사업,재건축(공동),마포구,"160,287.5 ㎡",성산동 446,제3종일반,제3종일반,299.96%,18.56%,3/35,-,"4,823세대","4,307",516,10.7%,재건축(공동),서북권,추진위구성,2025.03.14,2025.05.31,서울특별시 공동주택과,2133-7287,마포구 주택상생과,3153-9323
성수전략1,정비사업,재개발(주택정비형),성동구,"194,398 ㎡",성수동1가 72-10,"제2종(7층),제2종(12층),제3종일반,자연녹지","제2종(7층),제2종(12층),제3종일반,자연녹지",309%,21%,-,50,"2,909세대","2,414",495,17.02%,재개발(주택정비형),동북권,조합설립인가,2017.07.18,2025.05.31,서울특별시 주거정비과,2133-7187,성동구 주거정비과,2286-6567
성수전략2,정비사업,재개발(주택정비형),성동구,"131,980 ㎡",성수동2가 506,"제2종(7층),제2종(12층),제3종일반,자연녹지","제2종(7층),제2종(12층),제3종일반,자연녹지",317%,18%,50층이하,150,"2,907세대","2,582",325,11.18%,재개발(주택정비형),동북권,조합설립인가,2020.03.06,2025.05.31,서울특별시 주거정비과,2133-7187,성동구 주거정비과,2286-6567
성수전략3,정비사업,재개발(주택정비형),성동구,"114,193 ㎡",성수동2가 572-7,"제2종(7층),제2종(12층),제3종일반,자연녹지","제2종(7층),제2종(12층),제3종일반,자연녹지",317%,18%,-,150,"1,852세대","1,537",315,17.01%,재개발(주택정비형),동북권,조합설립인가,2019.02.27,2025.05.31,서울특별시 주거정비과,2133-7187,성동구 주거정비과,2286-6567
성수전략4,정비사업,재개발(주택정비형),성동구,"89,818 ㎡",성수동2가 219-4,"제2종(7층),제2종(12층),제3종일반,자연녹지","제2종(7층),제2종(12층),제3종일반,자연녹지",315%,21%,50층이하,150,"1,579세대","1,310",269,17.04%,재개발(주택정비형),동북권,조합설립인가,2016.07.25,2025.05.31,서울특별시 주거정비과,2133-7187,성동구 주거정비과,2286-6567
성수전략정비지구1,정비사업,신속통합기획,성동구,"194,398 ㎡",성수동1가 72-10 일대,-,-,,,,,,,,,신속통합기획,동북권,기획완료,2021.03.31,2025.05.31,서울특별시 신속통합기획과,2133-1691,성동구 주거정비과,2286-6567
성수전략정비지구2,정비사업,신속통합기획,성동구,"131,980 ㎡",성수동2가 506 일대,-,-,,,,,,,,,신속통합기획,동북권,기획완료,2021.03.31,2025.05.31,서울특별시 신속통합기획과,2133-1691,성동구 주거정비과,2286-6567
성수전략정비지구3,정비사업,신속통합기획,성동구,"114,193 ㎡",성수동2가 572-7 일대,-,-,,,,,,,,,신속통합기획,동북권,기획완료,2021.03.31,2025.05.31,서울특별시 신속통합기획과,2133-1691,성동구 주거정비과,2286-6567
성수전략정비지구4,정비사업,신속통합기획,성동구,"89,828 ㎡",성수동2가 219-4 일대,-,-,,,,,,,,,신속통합기획,동북권,기획완료,2021.03.31,2025.05.31,서울특별시 신속통합기획과,2133-1691,성동구 주거정비과,2286-6567
송파 한양2차,정비사업,신속통합기획,송파구,"62,370 ㎡",송파동 151 일대,-,-,,,,,,,,,신속통합기획,동남권,기획완료,2023.09.13,2025.05.31,서울특별시 신속통합기획과,2133-1687,송파구 주택사업과,2147-2897
송파미성,정비사업,재건축(공동),송파구,"28,959.7 ㎡",송파동 161,제3종일반,제3종일반,-,-,-,-,810세대,686,124,15.31%,재건축(공동),동남권,조합설립인가,2023.05.31,2025.05.31,서울특별시 공동주택과,2133-7146,송파구 주택사업과,2147-2906
수색8,정비사업,재개발(주택정비형),은평구,"29,884 ㎡",수색동 16-2,"제1종,제2종(7층),제2종,제3종일반","제1종,제2종(7층),제2종,제3종일반",263.9%,22.4%,2/22,-,578세대,479,99,17.13%,재개발(주택정비형),서북권,관리처분계획인가,2023.01.26,2025.05.31,서울특별시 재정비촉진과,2133-7222,은평구 정비사업신속추진단,351-7482
수정아파트,정비사업,재건축(공동),양천구,"8,404.6 ㎡",신정동 733-31,제3종일반,제3종일반,299.99%,24.96%,3/21,67,276세대,248,28,10.14%,재건축(공동),서남권,관리처분계획인가,2023.12.31,2025.05.31,서울특별시 공동주택과,2133-7286,양천구 재건축사업과,2620-3450
숭인동 1169번지 일대,정비사업,재개발(주택정비형),종로구,"14,157 ㎡",숭인동 1169번지 일대,준주거,준주거,-,-,-,-,-세대,-,-,-,재개발(주택정비형),도심권,입안제안,2021.03.28,2025.05.31,서울특별시 주거정비과,2133-7208,종로구 도시개발과,2148-2685
숭인동 56일대,정비사업,재개발(주택정비형),종로구,"42,402 ㎡",숭인동 56-4 일대,"제1종,제2종일반","제1종,제2종,제3종일반",259.67%,60%,26층이하,125,974세대,804,170,17.45%,재개발(주택정비형),서북권,구역지정,2024.12.19,2025.05.31,서울특별시 재정비촉진과,2133-7222,종로구 도시개발과,2148-2692
시흥1구역,정비사업,재개발(주택정비형),금천구,"68,201.6 ㎡",시흥4동 810 일대,"제1종,제2종(7층),제2종일반","제1종,제2종(7층),제2종일반",235%,60%,35층이하,110,"1,170세대",945,225,19.23%,재개발(주택정비형),서남권,구역지정,2024.07.11,2025.05.31,서울특별시 주거정비과,2133-7239,금천구 주거정비과,2627-1807
시흥1구역,정비사업,신속통합기획,금천구,"68,202 ㎡",시흥동 810 일대,-,-,,,,,,,,,신속통합기획,서남권,기획완료,2023.04.11,2025.05.31,서울특별시 신속통합기획과,2133-1692,금천구 주거정비과,2627-1807
시흥4동 4번지 일대,정비사업,재개발(주택정비형),금천구,"67,255 ㎡",시흥4동 4번지 일대,"제1종,제2종(7층)","제1종,제2종(7층)",-,-,-,-,-세대,-,-,-,재개발(주택정비형),서남권,입안제안,2022.08.26,2025.05.31,서울특별시 주거정비과,2133-7239,금천구 주거정비과,2627-1559
시흥동현대아파트,정비사업,재건축(공동),금천구,"8,713.5 ㎡",시흥동 220-2,"제1종,제2종(7층)일반","제1종,제2종(7층)일반",226.76%,33.19%,4/12,39.9,219세대,219,-,-,재건축(공동),서남권,착공,2024.09.13,2025.05.31,서울특별시 공동주택과,2133-7283,금천구 주택과,2627-1613
시흥무지개아파트,정비사업,재건축(공동),금천구,"28,336 ㎡",시흥동 109-1,"제3종일반,준주거","제3종일반,준주거",299.99%,29.13%,4/35,110,993세대,865,128,12.89%,재건축(공동),서남권,사업시행인가,2021.06.30,2025.05.31,서울특별시 공동주택과,2133-7283,금천구 주택과,2627-1612
신길10,정비사업,재건축(공동),영등포구,"32,123 ㎡",신길동 3590 일대,"제2종,제3종일반","제2종,제3종일반",298.55%,28.56%,3/29,-,812세대,733,79,9.73%,재건축(공동),서남권,관리처분계획인가,2022.11.10,2025.05.31,서울특별시 공동주택과,2133-7141,영등포구 주거사업과,2670-3501
신길13구역(신미아파트),정비사업,재건축(공동),영등포구,"15,120 ㎡",신길동 340-1,제3종일반,"제2종,제2종(7층),준주거",450%,60%,49층이하,-,586세대,399,187,31.91%,재건축(공동),서남권,조합설립인가,2021.03.11,2025.05.31,서울특별시 재정비촉진과,2133-7219,영등포구 주거사업과,2670-3582
신길1구역,정비사업,재개발(주택정비형),영등포구,"60,077 ㎡",신길동 147-80번지 일대,"제2종(7층),제2종,준주거","제2종(7층),제3종일반",299.6%,50%,45층이하,150,"1,483세대","1,042",441,29.74%,재개발(주택정비형),서남권,구역지정,2024.12.26,2025.05.31,서울특별시 재정비촉진과,2133-7219,영등포구 주거사업과,2670-3578
신길동 314-14,정비사업,신속통합기획,영등포구,"34,445 ㎡",신길동 314-14 일대,-,-,,,,,,,,,신속통합기획,서남권,대상지선정(추진중),2024.06.27,2025.05.31,서울특별시 신속통합기획과,2133-1692,영등포구 주거사업과,2670-3531
신길동삼성아파트,정비사업,재건축(공동),영등포구,"15,945 ㎡",신길동 4759,제3종일반,제3종일반,-,-,-,-,562세대,468,94,16.73%,재건축(공동),서남권,건축심의,2020.09.15,2025.05.31,서울특별시 공동주택과,2133-7141,영등포구 주거사업과,2670-3506
신길동우성2차·우창아파트,정비사업,재건축(공동),영등포구,"45,767 ㎡",신길동 4501,제3종일반,제3종일반,-,-,-,-,"1,212세대","1,104",108,8.91%,재건축(공동),서남권,사업시행인가,2024.11.14,2025.05.31,서울특별시 공동주택과,2133-7141,영등포구 주거사업과,2670-3885
신길우성3차,정비사업,신속통합기획,영등포구,"23,324 ㎡",신길동 4656 일대,-,-,,,,,,,,,신속통합기획,서남권,대상지선정(추진중),2024.12.24,2025.05.31,서울특별시 공동주택과,2133-7141,영등포구 주거사업과,2670-3501
신길제2구역,정비사업,재개발(주택정비형),영등포구,"116,913 ㎡",신길동 190,제2종일반,"제2종,제3종일반",299.82%,50%,49층이하,150,"1,962세대","1,667",295,15.04%,재개발(주택정비형),서남권,건축심의,2024.03.04,2025.05.31,서울특별시 주거정비과,2133-7239,영등포구 주거사업과,2670-3803
신당10,정비사업,재개발(주택정비형),중구,"63,893.4 ㎡",신당동 236-100,"제2종,제2종(7층),제3종일반,일반상업","제2종,제2종(7층),제3종일반,일반상업",299.8%,50%,35층이하,175,"1,423세대","1,107",316,22.21%,재개발(주택정비형),도심권,조합설립인가,2023.12.27,2025.05.31,서울특별시 주거정비과,2133-7188,중구 도시개발과,2148-2683
신당8구역,정비사업,재개발(주택정비형),중구,"58,651 ㎡",신당동 321-18 일대,제2종일반,제2종일반,244.17%,17.68%,0,90,"1,231세대","1,048",183,14.87%,재개발(주택정비형),도심권,관리처분계획인가,2024.05.31,2025.05.31,서울특별시 주거정비과,2133-7188,중구 도심정비과,3396-5723
신당9구역,정비사업,재개발(주택정비형),중구,"18,653 ㎡",신당동 432-702 일대,"제2종(7층),제3종일반","제2종,제3종일반",182%,60%,7층이하,28,315세대,315,-,-,재개발(주택정비형),도심권,건축심의,2020.11.18,2025.05.31,서울특별시 주거정비과,2133-7188,중구 도심정비과,3396-5724
신동아1차,정비사업,신속통합기획,도봉구,"139,037 ㎡",방학동 272 일대,-,-,,,,,,,,,신속통합기획,동북권,대상지선정(추진중),2023.12.18,2025.05.31,서울특별시 공동주택과,2133-7144,도봉구 재건축재개발과,2091-3405
신림1,정비사업,재개발(주택정비형),관악구,"223,201 ㎡",신림동 808-495,"제1종,제2종(7층),제2종(12층),준주거","제1종,제2종(7층),제2종,제3종일반,자연녹지",259.68%,22.48%,5/29,88,"4,185세대","3,554",631,15.08%,재개발(주택정비형),서남권,사업시행인가,2025.03.11,2025.05.31,서울특별시 재정비촉진과,2133-7228,관악구 도시계획과,879-6382
신림1구역,정비사업,신속통합기획,관악구,"218,783 ㎡",신림동 808 일대,-,-,,,,,,,,,신속통합기획,서남권,기획완료,2021.07.15,2025.05.31,서울특별시 신속통합기획과,2133-1688,관악구 도시계획과,879-6382
신림2,정비사업,재개발(주택정비형),관악구,"95,795 ㎡",신림동 324-25,"제1종,제2종(7층),제2종(12층),제3종일반,자연녹지","제1종,제2종(12층)일반,자연녹지",248.71%,25.16%,4/28,88,"1,487세대","1,262",225,15.13%,재개발(주택정비형),서남권,관리처분계획인가,2021.04.29,2025.05.31,서울특별시 재정비촉진과,2133-7228,관악구 도시계획과,879-6381
신림3,정비사업,재개발(주택정비형),관악구,"35,136 ㎡",신림동 316-55,"제1종일반,자연녹지","제1종일반,제2종(7층)이하,자연녹지",233.7%,23.25%,4/17,73,571세대,473,98,17.16%,재개발(주택정비형),서남권,착공,2022.11.03,2025.05.31,서울특별시 재정비촉진과,2133-7228,관악구 도시계획과,879-6383
신림4구역,정비사업,신속통합기획,관악구,"40,437 ㎡",신림동 306 일대,-,-,,,,,,,,,신속통합기획,서남권,대상지선정(추진중),2025.02.27,2025.05.31,서울특별시 신속통합기획과,2133-1689,관악구 도시계획과,879-6382
신림5구역,정비사업,신속통합기획,관악구,"162,219.5 ㎡",신림동 412 일대,-,-,,,,,,,,,신속통합기획,서남권,기획완료,2024.10.16,2025.05.31,서울특별시 신속통합기획과,2133-8343,관악구 주택과,879-6391
신림6구역,정비사업,신속통합기획,관악구,"43,247 ㎡",신림동 419 일대,-,-,,,,,,,,,신속통합기획,서남권,기획완료,2024.03.28,2025.05.31,서울특별시 신속통합기획과,2133-1689,관악구 주택과,879-6394
신림7구역,정비사업,신속통합기획,관악구,"76,880 ㎡",난향동 675 일대,-,-,,,,,,,,,신속통합기획,서남권,기획완료,2023.06.14,2025.05.31,서울특별시 신속통합기획과,2133-8343,관악구 주택과,879-6305
신림8구역,정비사업,신속통합기획,관악구,"86,136 ㎡",신림동 650 일대,-,-,,,,,,,,,신속통합기획,서남권,대상지선정(추진중),2024.01.11,2025.05.31,서울특별시 신속통합기획과,2133-1694,관악구 주택과,879-6394
신림동 119-1,정비사업,신속통합기획,관악구,"16,899 ㎡",신림동 119-1 일대,-,-,,,,,,,,,신속통합기획,서남권,대상지선정(추진중),2025.04.28,2025.05.31,서울특별시 신속통합기획과,2133-1689,관악구 주택과,879-6394
신림미성아파트,정비사업,재건축(공동),관악구,"16,706.1 ㎡",조원동 1656,제3종일반,제3종일반,-,-,-,-,516세대,451,65,12.6%,재건축(공동),서남권,사업시행인가,2025.02.27,2025.05.31,서울특별시 공동주택과,2133-7287,관악구 주택과,879-6324
"신반포19차, 25차",정비사업,신속통합기획,서초구,"26,937.2 ㎡",잠원동 61-2 일대,-,-,,,,,,,,,신속통합기획,동남권,대상지선정(추진중),2024.11.18,2025.05.31,서울특별시 공동주택과,2133-7147,서초구 재건축사업과,2155-7395
신반포2차,정비사업,신속통합기획,서초구,"116,070.9 ㎡",잠원동 73 일대,-,-,,,,,,,,,신속통합기획,동남권,기획완료,2023.03.29,2025.05.31,서울특별시 신속통합기획과,2133-8303,서초구 재건축사업과,2155-7364
신반포궁전,정비사업,재건축(공동),서초구,"11,520 ㎡",반포동 65-1,제3종일반,제3종일반,-,-,-,-,249세대,208,41,16.47%,재건축(공동),동남권,추진위구성,2015.05.07,2025.05.31,서울특별시 공동주택과,2133-7147,서초구 재건축사업과,2155-7346
신설1,정비사업,재개발(주택정비형),동대문구,"10,124.8 ㎡",신설동 92-5,제2종일반,제2종일반,298.81%,29.64%,2/24,71.85,299세대,189,110,36.79%,재개발(주택정비형),동북권,사업시행인가,2025.03.20,2025.05.31,서울특별시 주거정비과,2133-7189,동대문구 주거정비과,2127-4294
신영1구역,정비사업,재개발(주택정비형),종로구,"15,589 ㎡",신영동 158-2 일대,제1종일반,제2종(7층)일반,163.63%,37.65%,3/7,23,199세대,199,-,-,재개발(주택정비형),도심권,관리처분계획인가,2022.02.26,2025.05.31,서울특별시 주거정비과,2133-7208,종로구 도시개발과,2148-2683
신월5동 72 일대,정비사업,신속통합기획,양천구,"29,665 ㎡",신월5동 72 일대,-,-,,,,,,,,,신속통합기획,서남권,대상지선정(추진중),2024.03.28,2025.05.31,서울특별시 주거정비과,2133-7188,양천구 도시계획과,2620-3513
신월5동 77일대,정비사업,재개발(주택정비형),양천구,"53,820 ㎡",신월5동 77일대,"제1종,제2종(7층),제2종","제1종,제2종(7층),제2종",-,-,-,-,-세대,-,-,-,재개발(주택정비형),서남권,입안제안,2022.08.26,2025.05.31,서울특별시 주거정비과,2133-7188,양천구 도시계획과,2620-3514
신월7동 1구역,정비사업,신속통합기획,양천구,"115,699 ㎡",신월동 913 일대,-,-,,,,,,,,,신속통합기획,서남권,기획완료,2023.06.01,2025.05.31,서울특별시 신속통합기획과,2133-1692,양천구 도시계획과,2620-3512
신월7동1구역,정비사업,재개발(주택정비형),양천구,"130,483.7 ㎡",신월7동 913번지 일대,"제1종,제2종(7층),제3종일반","제1종,제2종,제3종일반",300%,50%,-,66.49,"2,890세대","2,309",581,20.1%,재개발(주택정비형),동남권,구역지정,2025.01.23,2025.05.31,서울특별시 재정비촉진과,2133-7226,양천구 도시계획과,2620-3512
신월7동2구역,정비사업,재개발(주택정비형),양천구,"98,295.17 ㎡",신월7동 941번지 일대,"제1종,제2종(7층)일반","제1종,제2종(7층)일반",250%,60%,-,66,"2,228세대","1,684",544,24.42%,재개발(주택정비형),서남권,조합설립인가,2024.06.20,2025.05.31,서울특별시 주거정비과,2133-7188,양천구 도시계획과,2620-3516
신월시영,정비사업,신속통합기획,양천구,"146,351 ㎡",신월동 987-1,-,-,,,,,,,,,신속통합기획,서남권,기획완료,2024.11.08,2025.05.31,서울특별시 공동주택과,2133-7286,양천구 재건축사업과,2620-3452
신정1-3,정비사업,재개발(주택정비형),양천구,"11,362.9 ㎡",양천구 신정동 606,"제2종,제3종일반","제2종,제3종일반",253.88%,21.6%,2/20,56.5,211세대,175,36,17.06%,재개발(주택정비형),서남권,사업시행인가,2019.12.27,2025.05.31,서울특별시 재정비촉진과,2133-7228,양천구 도시계획과,2620-3511
신정4,정비사업,재건축(공동),양천구,"82,071.7 ㎡",신정동 1200 일대,"제1종,제2종(7층),제2종,제3종일반","제1종,제2종(7층),제2종,제3종일반",249.82%,25.89%,5/23,69.04,"1,713세대","1,651",62,3.62%,재건축(공동),서남권,사업시행인가,2024.07.22,2025.05.31,서울특별시 공동주택과,2133-7286,양천구 도시계획과,2620-3516
신정4동 922 일대,정비사업,신속통합기획,양천구,"84,186 ㎡",신정4동 922 일대,-,-,,,,,,,,,신속통합기획,서남권,대상지선정(추진중),2025.04.28,2025.05.31,서울특별시 주거정비과,2133-7188,양천구 도시계획과,2620-3512
신정동 1152,정비사업,신속통합기획,양천구,"44,082 ㎡",신정동 1-5 일대,-,-,,,,,,,,,신속통합기획,서남권,기획완료,2022.08.09,2025.05.31,서울특별시 신속통합기획과,2133-1687,양천구 도시계획과,2620-3514
신정동 1152번지 일대,정비사업,재개발(주택정비형),양천구,"44,082.76 ㎡",신정동 1152 일대,"제1종,제2종(7층)일반","제1종,제2종(7층)일반",250%,60%,15층이하,84.3,956세대,703,253,26.46%,재개발(주택정비형),서남권,조합설립인가,2024.06.18,2025.05.31,서울특별시 주거정비과,2133-7188,양천구 도시계획과,2620-3514
신풍역 일대,정비사업,신속통합기획,영등포구,"33,897 ㎡",신길동 3922 일대,-,-,,,,,,,,,신속통합기획,서남권,대상지선정(추진중),2025.04.28,2025.05.31,서울특별시 공동주택과,2133-7141,영등포구 주거사업과,2670-3531
신향빌라,정비사업,재건축(공동),광진구,"14,779.4 ㎡",중곡4동 18-24,제2종(7층)일반,제2종(7층)일반,199.63%,37.26%,3/12,40,305세대,290,15,4.92%,재건축(공동),동북권,구역지정,2022.06.02,2025.05.31,서울특별시 공동주택과,2133-7144,광진구 주거사업과,450-9705
신향빌라,정비사업,신속통합기획,광진구,"15,757.8 ㎡",중곡동 18-24 일대,-,-,,,,,,,,,신속통합기획,동북권,기획완료,2020.11.26,2025.05.31,서울특별시 신속통합기획과,2133-1694,광진구 주거사업과,450-9705
쌍문3,정비사업,재개발(주택정비형),도봉구,"12,632.8 ㎡",쌍문동 724,"제2종(7층),제3종일반","제2종(7층),제2종일반,제3종일반",298.63%,60%,25층이하,75,320세대,284,36,11.25%,재개발(주택정비형),동북권,구역지정,2024.02.22,2025.05.31,서울특별시 주거정비과,2133-7857,도봉구 재건축재개발과,2091-3412
쌍문3구역,정비사업,신속통합기획,도봉구,"15,035 ㎡",쌍문동 724 일대,-,-,,,,,,,,,신속통합기획,동북권,기획완료,2023.03.20,2025.05.31,서울특별시 신속통합기획과,2133-1688,도봉구 재건축재개발과,2091-3412
쌍문동 26 일대,정비사업,신속통합기획,도봉구,"39,500 ㎡",쌍문동 26 일대,-,-,,,,,,,,,신속통합기획,동북권,대상지선정(추진중),2025.04.28,2025.05.31,서울특별시 신속통합기획과,2133-8304,도봉구 재건축재개발과,2091-3412
쌍문동 81 일대,정비사업,신속통합기획,도봉구,"64,316 ㎡",쌍문동 81 일대,-,-,,,,,,,,,신속통합기획,동북권,대상지선정(추진중),2024.03.28,2025.05.31,서울특별시 신속통합기획과,2133-8304,도봉구 재건축재개발과,2091-3412
쌍문한양1차,정비사업,신속통합기획,도봉구,"43,499 ㎡",쌍문동 388-33 일대,-,-,,,,,,,,,신속통합기획,동북권,기획완료,2024.11.11,2025.05.31,서울특별시 공동주택과,2133-7144,도봉구 재건축재개발과,2091-3403
아현1구역,정비사업,재개발(주택정비형),마포구,"105,609 ㎡",아현동 699일대,"제1종, 제2종(7층),제3종일반,준주거","제1종, 제2종(7층),제3종일반,준주거",-,-,-,-,-세대,-,-,-,재개발(주택정비형),서북권,입안제안,2022.08.25,2025.05.31,서울특별시 주거정비과,2133-7208,마포구 주택상생과,3153-9335
압구정2,정비사업,신속통합기획,강남구,"214,345 ㎡",압구정동 434 일대,-,-,,,,,,,,,신속통합기획,동남권,기획완료,2023.07.11,2025.05.31,서울특별시 신속통합기획과,2133-8303,강남구 재건축사업과,3423-6063
압구정3,정비사업,신속통합기획,강남구,"399,595 ㎡",압구정동 369-1 일대,-,-,,,,,,,,,신속통합기획,동남권,기획완료,2023.07.11,2025.05.31,서울특별시 신속통합기획과,2133-8303,강남구 재건축사업과,3423-6063
압구정4,정비사업,신속통합기획,강남구,"118,860 ㎡",압구정동 481 일대,-,-,,,,,,,,,신속통합기획,동남권,기획완료,2023.07.11,2025.05.31,서울특별시 신속통합기획과,2133-8303,강남구 재건축사업과,3423-6063
압구정5,정비사업,신속통합기획,강남구,"78,987 ㎡",압구정동 490 일대,-,-,,,,,,,,,신속통합기획,동남권,기획완료,2023.07.11,2025.05.31,서울특별시 신속통합기획과,2133-8303,강남구 재건축사업과,3423-6063
양평동신동아아파트,정비사업,재건축(공동),영등포구,"20,169 ㎡",양평동1가 20,준공업,준공업,-,-,-,-,563세대,507,56,9.95%,재건축(공동),서남권,조합설립인가,2020.12.08,2025.05.31,서울특별시 공동주택과,2133-7141,영등포구 주거사업과,2670-3501
여의도 광장,정비사업,신속통합기획,영등포구,"43,042 ㎡",여의도동 28,-,-,,,,,,,,,신속통합기획,서남권,대상지선정(추진중),2023.09.21,2025.05.31,서울특별시 공동주택과,2133-7141,영등포구 주거사업과,2670-3543
여의도 광장 1~2동,정비사업,신속통합기획,영등포구,"10,167 ㎡",여의도동 38 일대,-,-,,,,,,,,,신속통합기획,서남권,대상지선정(추진중),2025.04.30,2025.05.31,서울특별시 공동주택과,2133-7141,영등포구 주거사업과,2670-3558
여의도 대교,정비사업,신속통합기획,영등포구,"33,418 ㎡",여의도동 41,-,-,,,,,,,,,신속통합기획,서남권,기획완료,2024.04.30,2025.05.31,서울특별시 공동주택과,2133-7141,영등포구 주거사업과,2670-3583
여의도 목화,정비사업,신속통합기획,영등포구,"11,570 ㎡",여의도동 30,-,-,,,,,,,,,신속통합기획,서남권,대상지선정(추진중),2023.08.30,2025.05.31,서울특별시 공동주택과,2133-7141,영등포구 주거사업과,2670-3583
여의도 삼부,정비사업,신속통합기획,영등포구,"35,507.9 ㎡",여의도동 30-2,-,-,,,,,,,,,신속통합기획,서남권,대상지선정(추진중),2023.12.08,2025.05.31,서울특별시 공동주택과,2133-7141,영등포구 주거사업과,2670-3572
여의도 삼익,정비사업,신속통합기획,영등포구,"18,565 ㎡",여의도동 21 일대,-,-,,,,,,,,,신속통합기획,서남권,대상지선정(추진중),2025.02.19,2025.05.31,서울특별시 공동주택과,2133-7141,영등포구 주거사업과,2670-3583
여의도 시범,정비사업,신속통합기획,영등포구,"109,046 ㎡",여의도동 50,-,-,,,,,,,,,신속통합기획,서남권,기획완료,2022.11.07,2025.05.31,서울특별시 신속통합기획과,2133-8303,영등포구 주거사업과,2670-3543
여의도 은하,정비사업,신속통합기획,영등포구,"18,565 ㎡",여의도동 52 일대,-,-,,,,,,,,,신속통합기획,서남권,대상지선정(추진중),2025.02.19,2025.05.31,서울특별시 공동주택과,2133-7141,영등포구 주거사업과,2670-3583
여의도 한양,정비사업,신속통합기획,영등포구,"36,363 ㎡",여의도동 42,-,-,,,,,,,,,신속통합기획,서남권,기획완료,2023.01.19,2025.05.31,서울특별시 신속통합기획과,2133-8303,영등포구 주거사업과,2670-3572
여의도시범아파트,정비사업,재건축(공동),영등포구,"109,307 ㎡",여의도동 50,"제1종,제3종일반",준주거,399.99%,60%,65층이하,200,"2,473세대","2,130",343,13.87%,재건축(공동),서남권,조합설립인가,2017.07.01,2025.05.31,서울특별시 공동주택과,2133-7141,영등포구 주거사업과,2670-3543
여의도한양아파트,정비사업,재건축(공동),영등포구,"36,363 ㎡",여의도동 42,제3종일반,일반상업,600%,60%,-,200,198세대,118,80,40.4%,재건축(공동),서남권,건축심의,2024.12.23,2025.05.31,서울특별시 공동주택과,2133-7141,영등포구 주거사업과,2670-3572
연건동 305일대,정비사업,재개발(주택정비형),종로구,"14,153 ㎡",연건동 305일대,"제2종,제3종일반,일반상업","제2종,제3종일반,일반상업",-,-,-,-,-세대,-,-,-,재개발(주택정비형),도심권,입안제안,2022.08.26,2025.05.31,서울특별시 주거정비과,2133-7208,종로구 도시개발과,2148-2683
연희1,정비사업,재개발(주택정비형),서대문구,"37,722 ㎡",연희동 533,제2종일반,제2종일반,246.72%,21.92%,3/20,57.55,"1,002세대",796,206,20.56%,재개발(주택정비형),서북권,관리처분계획인가,2020.07.22,2025.05.31,서울특별시 주거정비과,2133-7236,서대문구 주거정비과,330-1941
연희2,정비사업,재개발(주택정비형),서대문구,"49,745 ㎡",연희동 721-6,"제1종,제2종(7층),제3종일반","제1종,제2종일반",238%,21%,27층이하,75,"1,067세대",844,223,20.9%,재개발(주택정비형),서북권,조합설립인가,2024.03.13,2025.05.31,서울특별시 주거정비과,2133-7236,서대문구 도심개발과,330-1318
영천,정비사업,재개발(주택정비형),서대문구,"6,744.9 ㎡",영천동 69-20,"제3종일반,준주거","제3종일반,준주거",399.98%,48.03%,5/23,73.35,199세대,199,-,-,재개발(주택정비형),서북권,착공,2022.12.01,2025.05.31,서울특별시 주거정비과,2133-7236,서대문구 주거정비과,330-1940
오금현대,정비사업,재건축(공동),송파구,"110,232.2 ㎡",오금동 43,제3종일반,제3종일반,315.1%,22.02%,4/37,110,"2,436세대","2,029",407,16.71%,재건축(공동),동남권,추진위구성,2025.03.19,2025.05.31,서울특별시 공동주택과,2133-7146,송파구 주택사업과,2147-2896
오류동 4,정비사업,신속통합기획,구로구,"57,166.1 ㎡",오류동 4 일대,-,-,,,,,,,,,신속통합기획,서남권,대상지선정(추진중),2024.01.11,2025.05.31,서울특별시 신속통합기획과,2133-1870,구로구 도시개발과,860-2567
오류동 현대연립,정비사업,재건축(공동),구로구,"23,318.7 ㎡",오류동 156-15,제2종(7층)일반,제2종(7층)일반,220.82%,28.9%,6/15,-,437세대,397,40,9.15%,재건축(공동),서남권,관리처분계획인가,2023.07.26,2025.05.31,서울특별시 공동주택과,2133-7148,구로구 주택과,860-2940
올림픽선수기자촌,정비사업,신속통합기획,송파구,"532,597 ㎡",방이동 89 일대,-,-,,,,,,,,,신속통합기획,동남권,대상지선정(추진중),2025.01.07,2025.05.31,서울특별시 공동주택과,2133-7146,송파구 주택사업과,2147-2896
올림픽훼미리타운,정비사업,신속통합기획,송파구,"361,212 ㎡",문정동 150 일대,-,-,,,,,,,,,신속통합기획,동남권,대상지선정(추진중),2024.03.28,2025.05.31,서울특별시 공동주택과,2133-7146,송파구 주택사업과,2147-2903
용답동,정비사업,재개발(주택정비형),성동구,"73,645.4 ㎡",용답동 108-1,제3종일반,제3종일반,288.01%,19.71%,2/35,105,"1,670세대","1,365",305,18.26%,재개발(주택정비형),동북권,착공,2023.10.24,2025.05.31,서울특별시 주거정비과,2133-7187,성동구 주거정비과,2286-6565
용두동 39-361일대,정비사업,신속통합기획,동대문구,"23,767 ㎡",용두동 39-361일대,-,-,,,,,,,,,신속통합기획,동북권,대상지선정(추진중),2022.12.30,2025.05.31,서울특별시 신속통합기획과,2133-1693,동대문구 주거정비과,2127-4666
우신빌라,정비사업,재건축(공동),구로구,"51,071.1 ㎡",궁동 213-21,"제2종(7층),제2종일반","제2종(7층),제2종일반",-,-,-,-,"1,127세대","1,063",64,5.68%,재건축(공동),서남권,구역지정,2023.12.28,2025.05.31,서울특별시 공동주택과,2133-7148,구로구 주택과,860-2399
월계동신아파트,정비사업,재건축(공동),노원구,"39,102 ㎡",월계동 436,제2종일반,제2종일반,249.67%,17.82%,4/25,72.6,"1,070세대","1,004",66,6.17%,재건축(공동),동북권,관리처분계획인가,2023.09.06,2025.05.31,서울특별시 공동주택과,2133-7144,노원구 재건축사업과,2116-3907
유원제일1차아파트,정비사업,재건축(공동),영등포구,"17,693 ㎡",당산동4가 91,준공업,준공업,299.99%,24.4%,3/25,73,550세대,479,71,12.91%,재건축(공동),서남권,착공,2024.08.05,2025.05.31,서울특별시 공동주택과,2133-7141,영등포구 주거사업과,2670-3885
유원제일2차아파트,정비사업,재건축(공동),영등포구,"28,654 ㎡",당산동5가 7-2,준공업,준공업,-,-,-,-,703세대,628,75,10.67%,재건축(공동),서남권,사업시행인가,2025.03.13,2025.05.31,서울특별시 공동주택과,2133-7141,영등포구 주거사업과,2670-3501
을지로3가구역 6지구,정비사업,신속통합기획,중구,"4,156.4 ㎡",수표동 35-10 일대,-,-,,,,,,,,,신속통합기획,도심권,기획완료,2020.06.25,2025.05.31,서울특별시 신속통합기획과,2133-1688,중구 도심정비과,3396-5772
응암동 101번지,정비사업,재개발(주택정비형),은평구,"38,518 ㎡",응암동 101번지 일대,제2종(7층)일반,제2종(7층)일반,-,-,-,-,-세대,-,-,-,재개발(주택정비형),서북권,입안제안,2023.11.23,2025.05.31,서울특별시 주거정비과,2133-7189,은평구 정비사업신속추진과,351-7455
응암동 675,정비사업,신속통합기획,은평구,"40,696 ㎡",응암동 675 일대,-,-,,,,,,,,,신속통합기획,서북권,대상지선정(추진중),2025.04.28,2025.05.31,서울특별시 신속통합기획과,2133-8343,은평구 정비사업신속추진단,351-7463
이문3-1,정비사업,재개발(주택정비형),동대문구,"95,774 ㎡",이문동 149-8,"제1종,제2종(7층),제2종일반,일반상업","제1종,제2종,준주거,일반상업",419.91%,25.15%,6/41,143,"4,169세대","2,859","1,310",31.42%,재개발(주택정비형),동북권,착공,2021.10.26,2025.05.31,서울특별시 재정비촉진과,2133-7213,동대문구 주거정비과,2127-4759
이문4,정비사업,재개발(주택정비형),동대문구,"149,690 ㎡",이문동 86-1,"제2종(7층),제2종,제3종일반","제2종(7층),제3종일반,준주거",316.99%,21.46%,5/40,121,"3,628세대","2,700",928,25.58%,재개발(주택정비형),동북권,관리처분계획인가,2024.04.01,2025.05.31,서울특별시 재정비촉진과,2133-7213,동대문구 주거정비과,2127-4590
이촌1,정비사업,신속통합기획,용산구,"20,653 ㎡","이촌동 199,203,206 일대",-,-,,,,,,,,,신속통합기획,도심권,대상지선정(추진중),2024.06.10,2025.05.31,서울특별시 공동주택과,2133-7299,용산구 주택과,2199-7365
이태원동 730 일대,정비사업,신속통합기획,용산구,"44,034 ㎡",이태원동 730 일대,-,-,,,,,,,,,신속통합기획,도심권,대상지선정(추진중),2025.02.27,2025.05.31,서울특별시 주거정비과,2133-7187,용산구 재정비사업과,2199-7465
일원가람,정비사업,신속통합기획,강남구,"41,145 ㎡",일원동 735 일대,-,-,,,,,,,,,신속통합기획,동남권,대상지선정(추진중),2025.03.12,2025.05.31,서울특별시 신속통합기획과,2133-8303,강남구 재건축사업과,3423-6076
자양4동통합구역,정비사업,신속통합기획,광진구,"139,129.6 ㎡",자양동 57-90 일대,-,-,,,,,,,,,신속통합기획,동북권,기획완료,2024.02.01,2025.05.31,서울특별시 신속통합기획과,2133-1870,광진구 주거사업과,450-9703
자양동 227-147 일대,정비사업,신속통합기획,광진구,"40,836.7 ㎡",자양동 227-147 일대,-,-,,,,,,,,,신속통합기획,동북권,대상지선정(추진중),2024.12.13,2025.05.31,서울특별시 신속통합기획과,2133-1870,광진구 주거사업과,450-9711
자양한양아파트,정비사업,재건축(공동),광진구,"40,179.2 ㎡",자양동 695,제2종일반,"제2종,제3종일반",-,-,-,-,859세대,652,207,24.1%,재건축(공동),동북권,구역지정,2024.05.30,2025.05.31,서울특별시 공동주택과,2133-7144,광진구 주거사업과,450-9711
"잠실우성1,2,3차",정비사업,재건축(공동),송파구,"111,830 ㎡",잠실동 101-1,제3종일반,제3종일반,299.93%,23.7%,3/49,-,"2,680세대","2,338",342,12.76%,재건축(공동),동남권,조합설립인가,2021.06.11,2025.05.31,서울특별시 공동주택과,2133-7146,송파구 주택사업과,2147-2888
잠실우성4차,정비사업,재건축(공동),송파구,"30,235.7 ㎡",잠실동 320,제3종일반,제3종일반,299.69%,25.03%,4/32,97.3,825세대,732,93,11.27%,재건축(공동),동남권,사업시행인가,2023.08.31,2025.05.31,서울특별시 공동주택과,2133-7146,송파구 주택사업과,2147-2906
잠실주공5,정비사업,신속통합기획,송파구,"358,077 ㎡",잠실동 27 일대,-,-,,,,,,,,,신속통합기획,동남권,기획완료,2024.02.06,2025.05.31,서울특별시 공동주택과,2133-7146,송파구 주택사업과,2147-2896
잠실진주,정비사업,재건축(공동),송파구,"101,151.3 ㎡",신천동 20-4,"제1종,제3종일반","제1종,제3종일반",299.89%,20.69%,4/35,108.05,"2,678세대","2,326",352,13.14%,재건축(공동),동남권,착공,2021.12.24,2025.05.31,서울특별시 공동주택과,2133-7146,송파구 주택사업과,2147-2888
장미1·2·3차,정비사업,신속통합기획,송파구,"257,305 ㎡",신천동 7 일대,-,-,,,,,,,,,신속통합기획,동남권,기획완료,2024.08.11,2025.05.31,서울특별시 신속통합기획과,2133-1693,송파구 주택사업과,2147-2896
장미아파트,정비사업,재건축(공동),성동구,"11,084 ㎡",성수동1가 656-421,준공업,준공업,279.83%,28.84%,3/20,65.95,287세대,260,27,9.41%,재건축(공동),동북권,착공,2024.10.23,2025.05.31,서울특별시 공동주택과,2133-7286,성동구 주거정비과,2286-6570
장안동 134-15 일대,정비사업,신속통합기획,동대문구,"67,758 ㎡",장안동 134-15 일대,-,-,,,,,,,,,신속통합기획,동북권,대상지선정(추진중),2024.03.28,2025.05.31,서울특별시 신속통합기획과,2133-8303,동대문구 주거정비과,2127-4693
장안현대,정비사업,재건축(공동),동대문구,"24,570 ㎡",장안동 95-1,제3종일반,제3종일반,299.7%,28.41%,3/29,86.5,746세대,641,105,14.08%,재건축(공동),동북권,사업시행인가,2024.08.13,2025.05.31,서울특별시 공동주택과,2133-7287,동대문구 주거정비과,2127-4295
장위10,정비사업,재개발(주택정비형),성북구,"91,362 ㎡",장위동 68-37,제2종(7층)일반,제2종일반,264.68%,20.94%,4/29,85.1,"2,004세대","1,663",341,17.02%,재개발(주택정비형),동북권,관리처분계획인가,2017.07.27,2025.05.31,서울특별시 재정비촉진과,2133-7223,성북구 주거정비과,2241-2833
장위13-1,정비사업,신속통합기획,성북구,"131,226 ㎡",장위동 219-90 일대,-,-,,,,,,,,,신속통합기획,동북권,대상지선정(추진중),2025.04.28,2025.05.31,서울특별시 주거정비과,2133-7232,성북구 도시정비신속추진단,2241-2782
장위13-2,정비사업,신속통합기획,성북구,"110,641 ㎡",장위동 224-12 일대,-,-,,,,,,,,,신속통합기획,동북권,대상지선정(추진중),2025.04.28,2025.05.31,서울특별시 주거정비과,2133-7232,성북구 도시정비신속추진단,2241-2782
장위14,정비사업,재개발(주택정비형),성북구,"145,174.6 ㎡",장위동 233-552,"제1종,제2종(7층),제2종일반","제1종,제2종(7층),제2종일반",212%,30%,16층이하,75,"2,439세대","2,000",439,18%,재개발(주택정비형),동북권,건축심의,2023.11.28,2025.05.31,서울특별시 재정비촉진과,2133-7223,성북구 주거정비과,2241-2833
장위15,정비사업,재개발(주택정비형),성북구,"187,669 ㎡",장위동 233-42,"제1종,제2종(12층)일반","제1종,제2종(7층),제2종(12층)일반",300%,30%,36층이하,109,"2,464세대","2,044",420,17.05%,재개발(주택정비형),동북권,조합설립인가,2022.03.28,2025.05.31,서울특별시 재정비촉진과,2133-7223,성북구 주거정비과,2241-2833
장위3,정비사업,재개발(주택정비형),성북구,"66,011 ㎡",장위동 305,"제2종(7층),제2종일반",제2종일반,-,-,-,-,"1,078세대",894,184,17.07%,재개발(주택정비형),동북권,추진위구성,2004.09.10,2025.05.31,서울특별시 재정비촉진과,2133-7223,성북구 주거정비과,2241-2834
장위6,정비사업,재개발(주택정비형),성북구,"105,164 ㎡",장위동 25-55,"제1종,제2종,제3종일반","제1종,제2종,제3종일반",263.97%,19.52%,3/33,100,"1,637세대","1,352",285,17.41%,재개발(주택정비형),동북권,착공,2024.04.01,2025.05.31,서울특별시 재정비촉진과,2133-7223,성북구 주거정비과,2241-2834
장위8,정비사업,재개발(주택정비형),성북구,"121,634 ㎡",장위동 85,"제1종,제2종(7층),제2종일반","제1종,제2종일반",300%,60%,25층이하,150,"2,846세대","2,062",784,27.55%,재개발(주택정비형),동북권,조합설립인가,2024.01.10,2025.05.31,서울특별시 재정비촉진과,2133-7223,성북구 주거정비과,2241-2837
장위9,정비사업,재개발(주택정비형),성북구,"84,248 ㎡",장위동 238-83,제2종(7층),"제2종(7층),제2종일반",300%,60%,30층이하,150,"2,230세대","1,467",763,34.22%,재개발(주택정비형),동북권,조합설립인가,2024.01.10,2025.05.31,서울특별시 재정비촉진과,2133-7223,성북구 주거정비과,2241-2834
전농12,정비사업,재개발(주택정비형),동대문구,"16,237 ㎡",전농동 643-51,제3종일반,제3종일반,-,-,-,-,297세대,246,51,17.17%,재개발(주택정비형),동북권,조합설립인가,2022.01.14,2025.05.31,서울특별시 재정비촉진과,2133-7217,동대문구 주거정비과,2127-4292
전농8,정비사업,재개발(주택정비형),동대문구,"93,697 ㎡",전농동 204,"제2종(7층),제2종일반",제2종일반,230%,50%,16층이하,70,"1,515세대","1,253",262,17.29%,재개발(주택정비형),동북권,조합설립인가,2023.10.17,2025.05.31,서울특별시 재정비촉진과,2133-7228,동대문구 주거정비과,2127-4579
전농9,정비사업,재개발(주택정비형),동대문구,"36,229 ㎡",전농2동 103-27,"제2종(7층),제3종일반",제3종일반,299.68%,18.18%,35층이하,175,"1,159세대",920,239,20.62%,재개발(주택정비형),동북권,조합설립인가,2023.07.13,2025.05.31,서울특별시 주거정비과,2133-7189,동대문구 주거정비과,2127-4295
전농동 152-65,정비사업,신속통합기획,동대문구,"71,738 ㎡",전농동 152-65 일대,-,-,,,,,,,,,신속통합기획,동북권,대상지선정(추진중),2023.11.22,2025.05.31,서울특별시 주거정비과,2133-7189,동대문구 주거정비과,2127-4671
정릉2,정비사업,신속통합기획,성북구,"24,137 ㎡",정릉동 710-81 일대,-,-,,,,,,,,,신속통합기획,동북권,대상지선정(추진중),2025.04.28,2025.05.31,서울특별시 주거정비과,2133-7232,성북구 도시정비신속추진단,2241-2782
정릉골,정비사업,재개발(주택정비형),성북구,"162,151 ㎡",정릉동 757,"제1종일반,자연녹지","제1종일반,자연녹지",99.89%,35.96%,2/4,12,"1,411세대","1,411",-,-,재개발(주택정비형),동북권,관리처분계획인가,2024.01.22,2025.05.31,서울특별시 주거정비과,2133-7232,성북구 주거정비과,2241-2864
정릉동 898-16 일대,정비사업,신속통합기획,성북구,"53,971 ㎡",정릉동 898-16 일대,-,-,,,,,,,,,신속통합기획,동북권,대상지선정(추진중),2024.03.28,2025.05.31,서울특별시 주거정비과,2133-7232,성북구 도시정비신속추진단,2241-2782
제기1,정비사업,재건축(공동),동대문구,"9,632.7 ㎡",제기동 892-68,"제3종일반,준주거","제3종일반,준주거",299.86%,21.3%,3/32,90,351세대,306,45,12.82%,재건축(공동),동북권,착공,2025.03.31,2025.05.31,서울특별시 공동주택과,2133-7287,동대문구 주거정비과,2127-4294
제기4,정비사업,재개발(주택정비형),동대문구,"29,850.3 ㎡",제기동 288,"제2종,제3종일반","제2종,제3종일반",249.97%,30.83%,2/25,75,909세대,753,156,17.16%,재개발(주택정비형),동북권,관리처분계획인가,2022.08.25,2025.05.31,서울특별시 주거정비과,2133-7189,동대문구 주거정비과,2127-4666
제기6,정비사업,재개발(주택정비형),동대문구,"17,780.5 ㎡",제기동 120-104,제2종일반,제2종일반,239.79%,24.84%,3/18,-,423세대,350,73,17.26%,재개발(주택정비형),동북권,관리처분계획인가,2023.11.09,2025.05.31,서울특별시 주거정비과,2133-7189,동대문구 주거정비과,2127-4676
종암동 125-35 일대,정비사업,신속통합기획,성북구,"35,608 ㎡",종암동 125-35 일대,-,-,,,,,,,,,신속통합기획,동북권,대상지선정(추진중),2023.08.17,2025.05.31,서울특별시 신속통합기획과,2133-1694,성북구 도시정비신속추진단,2241-2784
종암동3-10일대,정비사업,신속통합기획,성북구,"25,326 ㎡",종암동3-10일대,-,-,,,,,,,,,신속통합기획,동북권,기획완료,2024.06.11,2025.05.31,서울특별시 신속통합기획과,2133-1870,성북구 도시정비신속추진단,2241-2843
중계본동,정비사업,재개발(주택정비형),노원구,"146,665 ㎡",중계본동 30-3,"제1종,제2종(7층),제2종일반,자연녹지","제1종,제2종일반,자연녹지",196.45%,27.09%,5/20,59.62,"2,437세대","1,953",484,19.86%,재개발(주택정비형),동북권,관리처분계획인가,2024.03.05,2025.05.31,서울특별시 주거정비과,2133-7203,노원구 재건축사업과,2116-3918
중곡동 254-15 일대,정비사업,신속통합기획,광진구,"81,343 ㎡",중곡동 254-15 일대,-,-,,,,,,,,,신속통합기획,동북권,대상지선정(추진중),2025.02.27,2025.05.31,서울특별시 신속통합기획과,2133-8304,광진구 주거사업과,450-9705
중곡아파트,정비사업,재건축(공동),광진구,"10,262.3 ㎡",중곡동 190-26,"제2종(7층),제2종일반",제2종일반,-,-,-,-,296세대,276,20,6.76%,재건축(공동),동북권,조합설립인가,2022.07.19,2025.05.31,서울특별시 공동주택과,2133-7144,광진구 주거사업과,450-9703
중림동 398,정비사업,재개발(주택정비형),중구,"23,194.1 ㎡",중림동 398,"제2종(7층),제3종일반","제2종(7층),제2종일반",300%,50%,25층이하,100,791세대,600,191,24.15%,재개발(주택정비형),도심권,조합설립인가,2023.09.14,2025.05.31,서울특별시 주거정비과,2133-7188,중구 도심정비과,3396-5722
중산시범아파트,정비사업,재건축(공동),용산구,"6,378 ㎡",이촌동 211-2,제3종일반,제3종일반,-,-,-,-,-세대,-,-,-,재건축(공동),도심권,추진위구성,2005.07.12,2025.05.31,서울특별시 공동주택과,2133-7283,용산구 주택과,2199-7367
중화1,정비사업,재개발(주택정비형),중랑구,"44,725.5 ㎡",중화동 331-64,"제2종(7층),제2종일반","제2종(7층),제2종,제3종일반",299.94%,21.11%,2/35,100.3,"1,055세대",865,190,18.01%,재개발(주택정비형),동북권,착공,2022.06.07,2025.05.31,서울특별시 재정비촉진과,2133-7228,중랑구 도시계획과,2094-2193
중화5구역,정비사업,재개발(주택정비형),중랑구,"71,465.9 ㎡",중화동 122,"제2종(7층),제2종일반","제2종(7층),제2종일반",290.11%,22.07%,35층이하,105,"1,610세대","1,196",414,25.71%,재개발(주택정비형),동북권,조합설립인가,2024.01.18,2025.05.31,서울특별시 주거정비과,2133-7234,중랑구 주택개발추진단,2094-6892
중화6구역,정비사업,신속통합기획,중랑구,"45,505 ㎡",중화동 309-39 일대,-,-,,,,,,,,,신속통합기획,동북권,대상지선정(추진중),2024.08.28,2025.05.31,서울특별시 신속통합기획과,2133-8303,중랑구 주택개발추진단,2094-6893
중화동 우성타운,정비사업,재건축(공동),중랑구,"10,388 ㎡",중화동 195-2,제3종일반,제3종일반,248.89%,15.58%,3/20,-,223세대,208,15,6.73%,재건축(공동),동북권,조합설립인가,2023.05.11,2025.05.31,서울특별시 주거정비과,2133-7234,중랑구 주거개선과,2094-2802
증산5,정비사업,재개발(주택정비형),은평구,"112,804 ㎡",증산동 195,"제2종(7층),제2종(12층),제3종일반","제2종(7층),제2종(12층),제3종일반",263.7%,60%,4/30,-,"1,694세대","1,402",292,17.24%,재개발(주택정비형),서북권,관리처분계획인가,2023.09.26,2025.05.31,서울특별시 재정비촉진과,2133-7222,은평구 정비사업신속추진단,351-7484
창동상아1차,정비사업,신속통합기획,도봉구,"24,145 ㎡",창동 299 일대,-,-,,,,,,,,,신속통합기획,동북권,기획완료,2024.11.11,2025.05.31,서울특별시 공동주택과,2133-7144,도봉구 재건축재개발과,2091-3403
창신10구역,정비사업,신속통합기획,종로구,"81,370.9 ㎡",창신동 629 일대,-,-,,,,,,,,,신속통합기획,도심권,기획완료,2024.11.14,2025.05.31,서울특별시 신속통합기획과,2133-1686,종로구 도시개발과,2148-2682
창신9구역,정비사업,신속통합기획,종로구,"133,845.6 ㎡",창신동 23-606 일대,-,-,,,,,,,,,신속통합기획,도심권,기획완료,2024.11.14,2025.05.31,서울특별시 신속통합기획과,2133-1686,종로구 도시개발과,2148-2682
창신동 23/숭인동56일대,정비사업,신속통합기획,종로구,"107,224.7 ㎡",창신동 23/숭인동56일대,-,-,,,,,,,,,신속통합기획,도심권,기획완료,2023.07.06,2025.05.31,서울특별시 신속통합기획과,2133-1686,종로구 도시개발과,2148-2683
창신동 23일대,정비사업,재개발(주택정비형),종로구,"64,822 ㎡",창신동 23-2 일대,"제1종,제2종(7층),제2종,제3종일반","제1종,제2종(7층),제2종,제3종일반",224.82%,60%,28층이하,125,"1,038세대",879,159,15.32%,재개발(주택정비형),도심권,구역지정,2024.12.19,2025.05.31,서울특별시 주거정비과,2133-7208,종로구 도시개발과,2148-2692
천호3-1,정비사업,신속통합기획,강동구,"20,659 ㎡",천호동 214-19 일대,-,-,,,,,,,,,신속통합기획,동남권,기획완료,2024.01.10,2025.05.31,서울특별시 신속통합기획과,2133-1870,강동구 재건축재개발과,3425-5993
천호3-2,정비사업,신속통합기획,강동구,"19,291.9 ㎡",천호동 397-419 일대,-,-,,,,,,,,,신속통합기획,동남권,기획완료,2021.04.25,2025.05.31,서울특별시 신속통합기획과,2133-1870,강동구 재건축재개발과,3425-5993
천호3-2,정비사업,재개발(주택정비형),강동구,"19,292 ㎡",천호동 397-419,"제2종(7층),제2종일반",제2종일반,215.4%,60%,23층이하,72,420세대,343,77,18.33%,재개발(주택정비형),동남권,추진위구성,2023.04.07,2025.05.31,서울특별시 주거정비과,2133-7202,강동구 재건축재개발과,3425-5993
천호3-3,정비사업,재개발(주택정비형),강동구,"24,620 ㎡",천호동 532-2,"제2종(7층),제2종일반,준주거",제2종일반,230%,30%,24층이하,107,568세대,461,107,18.84%,재개발(주택정비형),동남권,추진위구성,2024.02.20,2025.05.31,서울특별시 주거정비과,2133-7202,강동구 재건축재개발과,3425-5993
천호3-3,정비사업,신속통합기획,강동구,"24,620 ㎡",천호동 532-2 일대,-,-,,,,,,,,,신속통합기획,동남권,기획완료,2022.08.09,2025.05.31,서울특별시 신속통합기획과,2133-1870,강동구 재건축재개발과,3425-5993
천호A1-1,정비사업,재개발(주택정비형),강동구,"26,548 ㎡",천호동 467-61,"제3종일반,준주거",제3종일반,359.94%,50%,40층이하,125.25,747세대,480,267,35.74%,재개발(주택정비형),동남권,구역지정,2024.11.28,2025.05.31,서울특별시 주거정비과,2133-7202,강동구 재건축재개발과,3425-5992
천호A1-2,정비사업,재개발(주택정비형),강동구,"26,598.79 ㎡",천호동 461-31,"제3종일반,준주거",제3종일반,299.99%,50%,40층이하,125.25,781세대,645,136,17.41%,재개발(주택정비형),동남권,구역지정,2024.03.14,2025.05.31,서울특별시 주거정비과,2133-7202,강동구 재건축재개발과,3425-5992
천호A1-2구역,정비사업,신속통합기획,강동구,"30,154 ㎡",천호동 461-31 일대,-,-,,,,,,,,,신속통합기획,동남권,기획완료,2023.04.04,2025.05.31,서울특별시 신속통합기획과,2133-1870,강동구 재건축재개발과,3425-5992
청량리 미주아파트,정비사업,재건축(공동),동대문구,"56,785 ㎡",청량리동 235-1,"제3종일반,일반상업","제3종일반,일반상업",299.81%,23.86%,3/35,105,"1,370세대","1,208",162,11.82%,재건축(공동),동북권,추진위구성,2024.10.07,2025.05.31,서울특별시 공동주택과,2133-7287,동대문구 주거정비과,2127-4759
청량리6,정비사업,재개발(주택정비형),동대문구,"62,446.3 ㎡",청량리동 205,제2종일반,제2종일반,242.99%,24.34%,3/22,-,"1,493세대","1,239",254,17.01%,재개발(주택정비형),동북권,사업시행인가,2024.11.07,2025.05.31,서울특별시 재정비촉진과,2133-7217,동대문구 주거정비과,2127-4676
청량리7,정비사업,재개발(주택정비형),동대문구,"25,922.6 ㎡",청량리동 199,제2종일반,제2종일반,242.7%,25.06%,6/18,53,761세대,627,134,17.61%,재개발(주택정비형),동북권,착공,2022.12.29,2025.05.31,서울특별시 재정비촉진과,2133-7217,동대문구 주거정비과,2127-4672
청량리8,정비사업,재개발(주택정비형),동대문구,"29,001 ㎡",청량리동 435,제3종일반,제3종일반,246.98%,15.99%,3/24,69.75,610세대,460,150,24.59%,재개발(주택정비형),동북권,사업시행인가,2024.07.09,2025.05.31,서울특별시 재정비촉진과,2133-7217,동대문구 주거정비과,2127-4671
청량리동 19 일대,정비사업,신속통합기획,동대문구,"27,981 ㎡",청량리동 19 일대,-,-,,,,,,,,,신속통합기획,동북권,기획완료,2023.03.10,2025.05.31,서울특별시 신속통합기획과,2133-1694,동대문구 주거정비과,2127-4671
청파 2구역,정비사업,신속통합기획,용산구,"82,360 ㎡",청파동1가 89-18 일대,-,-,,,,,,,,,신속통합기획,도심권,기획완료,2023.07.05,2025.05.31,서울특별시 신속통합기획과,2133-1687,용산구 재정비사업과,2199-7462
청파1구역,정비사업,재개발(주택정비형),용산구,"32,390.4 ㎡",청파동2가 11-1,"제2종(7층),제3종일반","제2종(7층),제2종일반",249.86%,25.72%,25층이하,80,697세대,581,116,16.64%,재개발(주택정비형),도심권,조합설립인가,2023.02.17,2025.05.31,서울특별시 주거정비과,2133-7187,용산구 재정비사업과,2199-7462
청파3,정비사업,신속통합기획,용산구,"49,210 ㎡",청파동1가 97-35 일대,-,-,,,,,,,,,신속통합기획,도심권,대상지선정(추진중),2025.04.28,2025.05.31,서울특별시 주거정비과,2133-7187,용산구 재정비사업과,2199-7465
청화,정비사업,신속통합기획,용산구,"47,872 ㎡",이태원동 22-2 일대,-,-,,,,,,,,,신속통합기획,도심권,대상지선정(추진중),2024.11.13,2025.05.31,서울특별시 공동주택과,2133-7299,용산구 재정비사업과,2199-7465
청화아파트,정비사업,재건축(공동),용산구,"47,872 ㎡",이태원동 22-2,제3종일반,제3종일반,-,-,-,-,-세대,-,-,-,재건축(공동),도심권,추진위구성,2009.12.30,2025.05.31,서울특별시 공동주택과,2133-7283,용산구 주택과,2199-7363
충정로1,정비사업,재개발(주택정비형),서대문구,"7,523 ㎡",충정로3가 281-11일대,"제3종일반,준주거","제3종일반,준주거",450%,60%,30층이하,100,297세대,196,101,34.01%,재개발(주택정비형),서북권,구역지정,2024.12.19,2025.05.31,서울특별시 주거정비과,2133-7236,서대문구 주거정비과,330-1940
편백마을,정비사업,신속통합기획,은평구,"61,947 ㎡",신사동 200 일대,-,-,,,,,,,,,신속통합기획,서북권,기획완료,2024.08.29,2025.05.31,서울특별시 주거정비과,2133-7189,은평구 정비사업신속추진단,351-7462
풍납극동,정비사업,신속통합기획,송파구,"16,044 ㎡",풍납동 391 일대,-,-,,,,,,,,,신속통합기획,동남권,대상지선정(추진중),2024.12.04,2025.05.31,서울특별시 공동주택과,2133-7146,송파구 주택사업과,2147-2888
풍납미성,정비사업,신속통합기획,송파구,"19,505 ㎡",풍납동 216 일대,-,-,,,,,,,,,신속통합기획,동남권,대상지선정(추진중),2024.09.24,2025.05.31,서울특별시 공동주택과,2133-7146,송파구 주택사업과,2147-2888
하계장미,정비사업,신속통합기획,노원구,"65,069 ㎡",하계동 273 일대,-,-,,,,,,,,,신속통합기획,동북권,대상지선정(추진중),2025.01.22,2025.05.31,서울특별시 공동주택과,2133-7144,노원구 재건축사업과,2116-3920
하월곡동 70-1 일대,정비사업,신속통합기획,성북구,"79,756 ㎡",하월곡동 70-1 일대,-,-,,,,,,,,,신속통합기획,동북권,기획완료,2023.04.14,2025.05.31,서울특별시 신속통합기획과,2133-8343,성북구 도시정비신속추진단,2241-2782
한남2구역,정비사업,재개발(주택정비형),용산구,"114,580.6 ㎡",보광동 272-3,"제1종,제2종,제3종일반",제2종일반,195.42%,32.14%,6/14,40.5,"1,537세대","1,299",238,15.48%,재개발(주택정비형),도심권,사업시행인가,2021.11.26,2025.05.31,서울특별시 재정비촉진과,2133-7218,용산구 재정비사업과,2199-7454
한남3구역,정비사업,재개발(주택정비형),용산구,"386,395.5 ㎡",한남동 686,"제1종,제2종,제3종일반","제1종,제2종,제3종일반,준주거",232.47%,42.09%,6/22,71.15,"5,816세대","4,940",876,15.06%,재개발(주택정비형),도심권,관리처분계획인가,2023.06.23,2025.05.31,서울특별시 재정비촉진과,2133-7218,용산구 재정비사업과,2199-7442
한남4구역,정비사업,재개발(주택정비형),용산구,"160,258 ㎡",보광동 360,"제1종,제2종,제3종일반,준주거","제1종,제2종일반,준주거",228%,60%,22층이하,-,"2,331세대","1,981",350,15.02%,재개발(주택정비형),도심권,건축심의,2024.05.28,2025.05.31,서울특별시 재정비촉진과,2133-7218,용산구 재정비사업과,2199-7444
한남5구역,정비사업,재개발(주택정비형),용산구,"183,707 ㎡",동빙고동 60,"제1종,제2종,제3종일반","제2종,제3종일반,준주거",222.25%,60%,23층이하,-,"2,560세대","2,176",384,15%,재개발(주택정비형),도심권,건축심의,2024.04.09,2025.05.31,서울특별시 재정비촉진과,2133-7218,용산구 재정비사업과,2199-7452
한남하이츠,정비사업,재건축(공동),성동구,"48,837 ㎡",옥수동 220-1,제3종일반,제3종일반,230.55%,21.16%,6/20,59.35,790세대,787,3,0.38%,재건축(공동),동북권,사업시행인가,2020.05.21,2025.05.31,서울특별시 공동주택과,2133-7286,성동구 주거정비과,2286-6569
한양1차,정비사업,신속통합기획,송파구,"46,729 ㎡",송파동 119 일대,-,-,,,,,,,,,신속통합기획,동남권,대상지선정(추진중),2024.10.24,2025.05.31,서울특별시 신속통합기획과,2133-1687,송파구 주택사업과,2147-2888
한양2차,정비사업,재건축(공동),송파구,"54,855.2 ㎡",송파동 151,제3종일반,제3종일반,-,-,-,-,744세대,744,-,-,재건축(공동),동남권,조합설립인가,2020.11.02,2025.05.31,서울특별시 공동주택과,2133-7146,송파구 주택사업과,2147-2896
한양3차,정비사업,재건축(공동),송파구,"20,080.7 ㎡",방이동 225,제3종일반,제3종일반,299.81%,25.03%,3/33,124.95,507세대,430,77,15.19%,재건축(공동),동남권,사업시행인가,2024.05.14,2025.05.31,서울특별시 공동주택과,2133-7146,송파구 주택사업과,2147-2906
한효아파트,정비사업,재건축(공동),구로구,"17,192 ㎡",고적동 52-332,준공업,준공업,-,-,-,-,440세대,407,33,7.5%,재건축(공동),서남권,구역지정,2023.01.05,2025.05.31,서울특별시 공동주택과,2133-7148,구로구 주택과,2627-1613
행당7,정비사업,재개발(주택정비형),성동구,"27,918.4 ㎡",행당동 128,"제2종(7층),제3종일반","제2종(7층),제3종일반",299.57%,20.41%,4/35,101,958세대,768,190,19.83%,재개발(주택정비형),동북권,착공,2021.09.06,2025.05.31,서울특별시 주거정비과,2133-7187,성동구 주거정비과,2286-6564
홍은13,정비사업,재개발(주택정비형),서대문구,"37,301 ㎡",홍은동 11-111,"제2종(7층),제2종(12층)일반","제2종(7층),제2종(12층)일반",200.82%,24.62%,3/15,46.25,827세대,686,141,17.05%,재개발(주택정비형),서북권,착공,2021.07.15,2025.05.31,서울특별시 주거정비과,2133-7236,서대문구 주거정비과,330-8073
홍은동 8-400 일대,정비사업,신속통합기획,서대문구,"88,211 ㎡",홍은동 8-400 일대,-,-,,,,,,,,,신속통합기획,서북권,기획완료,2023.07.05,2025.05.31,서울특별시 신속통합기획과,2133-1687,서대문구 홍제지구활성화추진단,3140-8098
홍제동 267-1,정비사업,신속통합기획,서대문구,"28,984 ㎡",홍제동 267-1 일대,-,-,,,,,,,,,신속통합기획,서북권,대상지선정(추진중),2023.09.21,2025.05.31,서울특별시 주거정비과,2133-7236,서대문구 홍제지구활성화추진단,330-1694
홍제동 287-118 일대,정비사업,신속통합기획,서대문구,"15,345 ㎡",홍제동 287-118 일대,-,-,,,,,,,,,신속통합기획,서북권,대상지선정(추진중),2024.12.13,2025.05.31,서울특별시 주거정비과,2133-7235,서대문구 홍제지구활성화추진단,330-3860
홍제동 9-81 일대,정비사업,신속통합기획,서대문구,"119,733.8 ㎡",홍제동 9-81 일대,-,-,,,,,,,,,신속통합기획,서북권,대상지선정(추진중),2024.10.21,2025.05.31,서울특별시 주거정비과,2133-7235,서대문구 도심개발과,330-1318
후암동 264-11 일대,정비사업,신속통합기획,용산구,"82,173 ㎡",후암동 264-11 일대,-,-,,,,,,,,,신속통합기획,도심권,대상지선정(추진중),2024.08.28,2025.05.31,서울특별시 주거정비과,2133-7187,용산구 재정비사업과,2199-7465
후암동 30-2,정비사업,신속통합기획,용산구,"104,070 ㎡",후암동 30-2 일대,-,-,,,,,,,,,신속통합기획,도심권,대상지선정(추진중),2024.06.27,2025.05.31,서울특별시 주거정비과,2133-7187,용산구 재정비사업과,2199-7465
휘경3,정비사업,재개발(주택정비형),동대문구,"49,097 ㎡",휘경동 172,"제1종,제2종(7층)","제2종(7층),제2종,제3종일반",299.9%,18.73%,3/35,118,"1,806세대","1,373",433,23.98%,재개발(주택정비형),동북권,착공,2022.04.19,2025.05.31,서울특별시 재정비촉진과,2133-7213,동대문구 주거정비과,2127-4590
휘경5,정비사업,재개발(주택정비형),동대문구,"49,397 ㎡",휘경동 43-8,"제1종,제2종(7층)","제1종,제2종(7층)",-,-,-,-,634세대,594,40,6.31%,재개발(주택정비형),동북권,구역지정,2023.06.22,2025.05.31,서울특별시 주거정비과,2133-7189,동대문구 주거정비과,2127-4676
흑석1,정비사업,재개발(주택정비형),동작구,"18,165 ㎡",흑석동 43-7,"제1종,제2종,제3종일반","제1종,제2종,제3종일반",294%,39%,30층이하,-,474세대,392,82,17.3%,재개발(주택정비형),서남권,조합설립인가,2022.03.31,2025.05.31,서울특별시 재정비촉진과,2133-7199,동작구 도시정비1과,820-9804
흑석11,정비사업,신속통합기획,동작구,"70,238.2 ㎡",흑석동 304 일대,-,-,,,,,,,,,신속통합기획,서남권,기획완료,2019.09.02,2025.05.31,서울특별시 신속통합기획과,2133-1688,동작구 도시정비1과,820-9805
흑석11,정비사업,재개발(주택정비형),동작구,"89,317.5 ㎡",흑석동 304,"제1종,제2종,제3종일반","제1종,제2종일반",201.55%,25.88%,5/16,69,"1,509세대","1,252",257,17.03%,재개발(주택정비형),서남권,관리처분계획인가,2023.06.14,2025.05.31,서울특별시 재정비촉진과,2133-7199,동작구 도시정비1과,820-9805
흑석9,정비사업,재개발(주택정비형),동작구,"94,614.2 ㎡",흑석동 90,"제1종,제2종일반",제2종일반,254.79%,19.49%,7/25,-,"1,540세대","1,278",262,17.01%,재개발(주택정비형),서남권,관리처분계획인가,2019.10.23,2025.05.31,서울특별시 재정비촉진과,2133-7199,동작구 도시정비1과,820-9805
舊 신당10,정비사업,신속통합기획,중구,"64,166.5 ㎡",신당동 236-100 일대,-,-,,,,,,,,,신속통합기획,도심권,기획완료,2022.08.09,2025.05.31,서울특별시 신속통합기획과,2133-1694,중구 도심정비과,3396-5722
개포우성4차,정비사업,재건축(공동),강남구,"46,064.9 ㎡",도곡동 465,제3종일반,제3종일반,299.99%,25.93%,35층이하,110,"1,080세대",952,128,11.85%,재건축(공동),동남권,조합설립인가,2023.09.22,2025.03.31,서울특별시 공동주택과,2133-7139,강남구 재건축사업과,3423-6076
개포우성6차,정비사업,재건축(공동),강남구,"20,831 ㎡",개포동 658-1,제2종일반,제2종일반,249.99%,60%,25층이하,78,417세대,395,22,5.28%,재건축(공동),동남권,조합설립인가,2024.04.24,2025.03.31,서울특별시 공동주택과,2133-7142,강남구 재건축사업과,3423-6116
개포우성7차,정비사업,재건축(공동),강남구,"48,984 ㎡",일원동 615,제3종일반,제3종일반,299.99%,50%,35층이하,120,"1,234세대","1,055",179,14.51%,재건축(공동),동남권,조합설립인가,2024.02.02,2025.03.31,서울특별시 공동주택과,2133-7142,강남구 재건축사업과,3423-6076
개포주공5단지,정비사업,재건축(공동),강남구,"56,173.4 ㎡",개포동 187,제3종일반,제3종일반,299.89%,22.78%,4/35,112,"1,279세대","1,134",145,11.34%,재건축(공동),동남권,사업시행인가,2023.10.12,2025.03.31,서울특별시 공동주택과,2133-7142,강남구 재건축사업과,3423-6117
"개포주공6,7단지",정비사업,재건축(공동),강남구,"116,684.1 ㎡",개포동 185,제3종일반,제3종일반,299.98%,21%,5/35,115,"2,698세대","2,353",345,12.79%,재건축(공동),동남권,사업시행인가,2024.11.06,2025.03.31,서울특별시 공동주택과,2133-7142,강남구 재건축사업과,3423-6116
논현동현,정비사업,재건축(공동),강남구,"35,534.9 ㎡",논현동 105,제3종일반,제3종일반,299.97%,50%,3/35,112,905세대,779,126,13.92%,재건축(공동),동남권,구역지정,2023.10.19,2025.03.31,서울특별시 공동주택과,2133-7142,강남구 재건축사업과,3423-6073
대치쌍용1차,정비사업,재건축(공동),강남구,"43,569 ㎡",대치동 66,제3종일반,제3종일반,299.99%,16.96%,3/35,110,"1,072세대",940,132,12.31%,재건축(공동),동남권,사업시행인가,2018.10.12,2025.03.31,서울특별시 공동주택과,2133-7139,강남구 재건축사업과,3423-6092
대치쌍용2차(통합재건축),정비사업,재건축(공동),강남구,"22,351.81 ㎡",대치동 65,제3종일반,제3종일반,299.05%,20.74%,3/35,111,560세대,490,70,12.5%,재건축(공동),동남권,사업시행인가,2017.09.12,2025.03.31,서울특별시 공동주택과,2133-7139,강남구 재건축사업과,3423-6092
대치우성1차(통합재건축),정비사업,재건축(공동),강남구,"25,456 ㎡",대치동 63,제3종일반,제3종일반,299.99%,17.5%,4/35,110,712세대,626,86,12.08%,재건축(공동),동남권,사업시행인가,2022.09.08,2025.03.31,서울특별시 공동주택과,2133-7139,강남구 재건축사업과,3423-6092
도곡개포한신,정비사업,재건축(공동),강남구,"36,473 ㎡",도곡동 464,제3종일반,제3종일반,262.43%,18.03%,3/35,99.9,816세대,705,111,13.6%,재건축(공동),동남권,사업시행인가,2022.12.28,2025.03.31,서울특별시 공동주택과,2133-7139,강남구 재건축사업과,3423-6093
도곡삼익,정비사업,재건축(공동),강남구,"16,377 ㎡",도곡동 869,제3종일반,제3종일반,299.99%,19.83%,3/30,96,369세대,318,51,13.82%,재건축(공동),동남권,추진위구성,2003.12.29,2025.03.31,서울특별시 공동주택과,2133-7139,강남구 재건축사업과,3423-6116
도곡삼호,정비사업,재건축(공동),강남구,"11,042 ㎡",도곡동 540,제3종일반,제3종일반,299.85%,24.72%,3/18,51.6,308세대,260,48,15.58%,재건축(공동),동남권,착공,2024.02.06,2025.03.31,서울특별시 공동주택과,2133-7139,강남구 재건축사업과,3423-6116
도곡우성,정비사업,재건축(공동),강남구,"8,368 ㎡",도곡동 934-10,제3종일반,제3종일반,299.59%,50%,5/26,80,548세대,460,88,16.06%,재건축(공동),동남권,조합설립인가,2025.03.31,2025.03.31,서울특별시 공동주택과,2133-7139,강남구 재건축사업과,3423-6073
목동6단지,정비사업,재건축(공동),양천구,"94,634.5 ㎡",목동 911,"제1종,제2종(7층),제3종일반","제1종,제2종(7층),제3종일반",299.87%,30%,49층이하,150,"2,173세대","1,900",273,12.56%,재건축(공동),서남권,구역지정,2024.08.16,2025.03.31,서울특별시 공동주택과,2133-7286,양천구 재건축사업과,2620-3459
"미성,크로바아파트",정비사업,재건축(공동),송파구,"75,684 ㎡",신천동 17-6,"제1종,제3종일반","제1종,제3종일반",299.87%,22.86%,4/35,120,"1,865세대","1,667",198,10.62%,재건축(공동),동남권,착공,2022.01.27,2025.03.31,서울특별시 공동주택과,2133-7146,송파구 주택사업과,2147-2896
반포주공1단지(124주구),정비사업,재건축(공동),서초구,"370,484 ㎡",반포동 810 일원,"제1종,제2종(7층),제3종일반,자연녹지","제1종,제2종(7층),제3종일반,자연녹지",294.29%,23.95%,5/35,109.95,"5,007세대","4,794",213,4.25%,재건축(공동),동남권,착공,2024.03.29,2025.03.31,서울특별시 공동주택과,2133-7147,서초구 재건축사업과,2133-7305
삼익그린2차,정비사업,재건축(공동),강동구,"126,870 ㎡",명일동 15,제3종일반,제3종일반,-,-,-,-,"2,400세대","2,400",-,-,재건축(공동),동남권,조합설립인가,2021.07.05,2025.03.31,서울특별시 공동주택과,2133-7299,강동구 재건축재개발과,3425-5983
삼익맨션,정비사업,재건축(공동),강동구,"49,502 ㎡",명일동 270,제3종일반,제3종일반,-,-,-,-,"1,169세대","1,014",155,13.26%,재건축(공동),동남권,조합설립인가,2021.07.12,2025.03.31,서울특별시 공동주택과,2133-7299,강동구 재건축재개발과,3425-5983
삼익파크,정비사업,재건축(공동),강동구,"55,945 ㎡",길동 54,제3종일반,제3종일반,296.17%,19.28%,4/35,103,"1,384세대","1,238",146,10.55%,재건축(공동),동남권,사업시행인가,2025.03.24,2025.03.31,서울특별시 공동주택과,2133-7299,강동구 재건축재개발과,3425-5983
상계주공5단지,정비사업,재건축(공동),노원구,"33,854.6 ㎡",상계동 721,"제2종(7층),제3종일반","제2종(7층),제3종일반",-,-,-,-,996세대,844,152,15.26%,재건축(공동),동북권,사업시행인가,2024.08.29,2025.03.31,서울특별시 신속통합기획과,2133-1693,노원구 재건축사업과,2116-3907
신동아아파트,정비사업,재건축(공동),용산구,"113,571 ㎡",서빙고동 241-21,제3종일반,제3종일반,-,-,-,-,"1,326세대","1,326",-,-,재건축(공동),도심권,조합설립인가,2021.01.07,2025.03.31,서울특별시 공동주택과,2133-7283,용산구 주택과,2199-7366
신반포12차,정비사업,재건축(공동),서초구,"17,712.2 ㎡",잠원동 50-5,제3종일반,제3종일반,299.85%,18.73%,3/35,104.15,432세대,387,45,10.42%,재건축(공동),동남권,사업시행인가,2024.06.04,2025.03.31,서울특별시 공동주택과,2133-7147,서초구 재건축사업과,2155-7395
신반포16차,정비사업,재건축(공동),서초구,"12,977.2 ㎡",잠원동 55-11,제3종일반,제3종일반,289.36%,24.57%,5/34,110.95,468세대,400,68,14.53%,재건축(공동),동남권,사업시행인가,2023.11.02,2025.03.31,서울특별시 공동주택과,2133-7147,서초구 재건축사업과,2155-7395
신반포18차(337동),정비사업,재건축(공동),서초구,"5,917.7 ㎡",잠원동 49-17,제3종일반,제3종일반,246.23%,16.73%,3/30,93.3,178세대,178,-,-,재건축(공동),동남권,착공,2023.01.09,2025.03.31,서울특별시 공동주택과,2133-7147,서초구 재건축사업과,2155-7341
신반포19차·25차,정비사업,재건축(공동),서초구,"26,937.2 ㎡",잠원동 61-2,제3종일반,제3종일반,300%,50%,35층이하,112,609세대,543,66,10.84%,재건축(공동),동남권,조합설립인가,2022.03.07,2025.03.31,서울특별시 공동주택과,2133-7147,서초구 재건축사업과,2155-7395
신반포20차,정비사업,재건축(공동),서초구,"9,593 ㎡",잠원동 60-78,제3종일반,제3종일반,-,-,-,-,195세대,195,-,-,재건축(공동),동남권,조합설립인가,2017.06.27,2025.03.31,서울특별시 공동주택과,2133-7147,서초구 재건축사업과,2155-7330
신반포21차,정비사업,재건축(공동),서초구,"8,785.9 ㎡",잠원동 59-10,제3종일반,제3종일반,298.75%,28.88%,4/20,60.7,251세대,209,42,16.73%,재건축(공동),동남권,착공,2022.03.29,2025.03.31,서울특별시 공동주택과,2133-7147,서초구 재건축사업과,2155-7345
신반포22차,정비사업,재건축(공동),서초구,"9,168.8 ㎡",잠원동 65-33,제3종일반,제3종일반,269.81%,17.52%,3/35,105.5,160세대,160,-,-,재건축(공동),동남권,착공,2024.04.24,2025.03.31,서울특별시 공동주택과,2133-7147,서초구 재건축사업과,2155-7330
신반포27차,정비사업,재건축(공동),서초구,"5,764.9 ㎡",잠원동 56-2,제3종일반,제3종일반,293.62%,19.98%,5/28,83.24,210세대,177,33,15.71%,재건축(공동),동남권,사업시행인가,2023.01.12,2025.03.31,서울특별시 공동주택과,2133-7147,서초구 재건축사업과,2155-7341
신반포2차,정비사업,재건축(공동),서초구,"116,070 ㎡",잠원동 73,"제1종,제3종일반","제1종,제3종일반",300%,50%,49층이하,170,"2,057세대","1,797",260,12.64%,재건축(공동),동남권,조합설립인가,2020.11.16,2025.03.31,서울특별시 공동주택과,2133-7147,서초구 재건축사업과,2155-7364
신반포4지구,정비사업,재건축(공동),서초구,"158,555 ㎡",잠원동 60 일원,제3종일반,제3종일반,299.99%,19.04%,4/35,111.3,"3,307세대","3,112",195,5.9%,재건축(공동),동남권,착공,2021.10.28,2025.03.31,서울특별시 공동주택과,2133-7147,서초구 재건축사업과,2155-7345
신반포4차,정비사업,재건축(공동),서초구,"92,921 ㎡",잠원동 70,"제1종,제3종일반","제1종,제3종일반",299.98%,50%,49층이하,170,"1,828세대","1,543",285,15.59%,재건축(공동),동남권,조합설립인가,2019.12.31,2025.03.31,서울특별시 공동주택과,2133-7147,서초구 재건축사업과,2155-7345
신반포7차,정비사업,재건축(공동),서초구,"35,010.4 ㎡",잠원동 65-32,제3종일반,제3종일반,-,-,-,-,"1,030세대","1,030",-,-,재건축(공동),동남권,조합설립인가,2015.05.08,2025.03.31,서울특별시 공동주택과,2133-7147,서초구 재건축사업과,2155-7395
신안빌라,정비사업,재건축(공동),강서구,"17,451 ㎡",,,,,,,,,,,,재건축(공동),,조합설립인가,,2025.03.31,,,,
압구정 특별계획구역1,정비사업,재건축(공동),강남구,"66,247.1 ㎡",압구정동414,"제1종,제2종(7층),제2종,제3종일반,자연녹지","제1종,제2종(7층),제2종,제3종일반,자연녹지",-,-,-,-,-세대,-,-,-,재건축(공동),동남권,추진위구성,2020.11.06,2025.03.31,서울특별시 공동주택과,2133-7137,강남구 재건축사업과,3423-6063
압구정 특별계획구역2,정비사업,재건축(공동),강남구,"156,433.7 ㎡",압구정동434,제3종일반,제3종일반,-,-,65층이하,-,"2,571세대","2,250",321,12%,재건축(공동),동남권,조합설립인가,2021.04.12,2025.03.31,서울특별시 공동주택과,2133-7137,강남구 재건축사업과,3423-6063
압구정 특별계획구역3,정비사업,재건축(공동),강남구,"360,187.8 ㎡",압구정동369-1,제3종일반,제3종일반,299.99%,-,65층이하,-,"5,175세대","4,525",650,12%,재건축(공동),동남권,조합설립인가,2021.04.19,2025.03.31,서울특별시 공동주택과,2133-7137,강남구 재건축사업과,3423-6063
압구정 특별계획구역4,정비사업,재건축(공동),강남구,"108,050.3 ㎡",압구정동 481,제3종일반,제3종일반,299.98%,-,65층이하,-,"1,724세대","1,519",205,12%,재건축(공동),동남권,조합설립인가,2021.02.10,2025.03.31,서울특별시 공동주택과,2133-7137,강남구 재건축사업과,3423-6063
압구정 특별계획구역5,정비사업,재건축(공동),강남구,"65,736.1 ㎡",압구정동 490,제3종일반,제3종일반,299.99%,-,69층이하,-,"1,401세대","1,261",140,10%,재건축(공동),동남권,조합설립인가,2021.02.22,2025.03.31,서울특별시 공동주택과,2133-7137,강남구 재건축사업과,3423-6063
여의도공작아파트,정비사업,재건축(공동),영등포구,"16,929 ㎡",여의도동 21-2,일반상업,일반상업,490%,60%,50층이하,200,582세대,497,85,14.6%,재건축(공동),서남권,조합설립인가,2023.02.23,2025.03.31,서울특별시 공동주택과,2133-7141,영등포구 주거사업과,2670-3558
여의도광장아파트 28번지,정비사업,재건축(공동),영등포구,"43,042 ㎡",여의도동 28,제3종일반,제3종일반,-,-,-,-,-세대,-,-,-,재건축(공동),서남권,조합설립인가,2019.06.05,2025.03.31,서울특별시 공동주택과,2133-7141,영등포구 주거사업과,2670-3543
여의도광장아파트 38-1번지,정비사업,재건축(공동),영등포구,"10,167 ㎡",여의도동 38-1,제3종일반,제3종일반,-,-,-,-,-세대,-,-,-,재건축(공동),서남권,조합설립인가,2024.08.06,2025.03.31,서울특별시 공동주택과,2133-7141,영등포구 주거사업과,2670-3558
여의도대교아파트,정비사업,재건축(공동),영등포구,"31,699 ㎡",여의도동 41,제3종일반,준주거,469.99%,60%,-,200,912세대,768,144,15.79%,재건축(공동),서남권,조합설립인가,2024.02.06,2025.03.31,서울특별시 공동주택과,2133-7141,영등포구 주거사업과,2670-3583
여의도목화아파트,정비사업,재건축(공동),영등포구,"11,334 ㎡",여의도동 30,제3종일반,일반상업,600%,60%,60층이하,200,423세대,347,76,17.97%,재건축(공동),서남권,조합설립인가,2022.09.29,2025.03.31,서울특별시 공동주택과,2133-7141,영등포구 주거사업과,2670-3583
여의도미성아파트,정비사업,재건축(공동),영등포구,"40,882 ㎡",여의도동 37,제3종일반,제3종일반,-,-,-,-,-세대,-,-,-,재건축(공동),서남권,추진위구성,2009.09.16,2025.03.31,서울특별시 공동주택과,2133-7141,영등포구 주거사업과,2670-3543
여의도삼부아파트,정비사업,재건축(공동),영등포구,"62,634 ㎡",여의도동 30-2,제3종일반,일반상업,-,-,-,-,-세대,-,-,-,재건축(공동),서남권,추진위구성,2020.08.04,2025.03.31,서울특별시 공동주택과,2133-7141,영등포구 주거사업과,2670-3572
여의도삼익아파트,정비사업,재건축(공동),영등포구,"18,565 ㎡",여의도동 51,제3종일반,제3종일반,-,-,-,-,-세대,-,-,-,재건축(공동),서남권,조합설립인가,2023.11.02,2025.03.31,서울특별시 공동주택과,2133-7141,영등포구 주거사업과,2670-3583
여의도은하아파트,정비사업,재건축(공동),영등포구,"18,565 ㎡",여의도동 52,제3종일반,제3종일반,-,-,-,-,-세대,-,-,-,재건축(공동),서남권,조합설립인가,2023.11.30,2025.03.31,서울특별시 공동주택과,2133-7141,영등포구 주거사업과,2670-3583
"역삼동(758,은하수,760)",정비사업,재건축(공동),강남구,"12,263.1 ㎡",역삼동 758,제3종일반,제3종일반,242.98%,26.08%,3/15,43.3,233세대,233,-,-,재건축(공동),동남권,관리처분계획인가,2022.10.31,2025.03.31,서울특별시 공동주택과,2133-7139,강남구 재건축사업과,3423-6073
왕궁아파트,정비사업,재건축(공동),용산구,"17,621.5 ㎡",이촌동 300-11,제3종일반,제3종일반,249.43%,50%,49층이하,180,318세대,250,68,21.38%,재건축(공동),도심권,조합설립인가,2008.12.09,2025.03.31,서울특별시 공동주택과,2133-7283,용산구 주택과,2199-7363
은마아파트,정비사업,재건축(공동),강남구,"243,552.6 ㎡",대치동 316,제3종일반,제3종일반,299.99%,17.98%,35층이하,118,"5,778세대","5,100",678,12%,재건축(공동),동남권,조합설립인가,2023.09.26,2025.03.31,서울특별시 공동주택과,2133-7139,강남구 재건축사업과,3423-6092
일원개포한신,정비사업,재건축(공동),강남구,"20,876 ㎡",일원동 615-1,제3종일반,제3종일반,299.78%,21.25%,3/35,104.2,498세대,432,66,13.25%,재건축(공동),동남권,관리처분계획인가,2023.11.10,2025.03.31,서울특별시 공동주택과,2133-7142,강남구 재건축사업과,3423-6076
잠실5단지,정비사업,재건축(공동),송파구,"266,404 ㎡",잠실동 27,"제1종,제2종(7층),제3종일반,준주거,자연녹지","제1종,제2종(7층),제3종일반,준주거,자연녹지",400%,60%,5/50,170,"6,491세대","5,680",811,12.49%,재건축(공동),동남권,조합설립인가,2013.12.19,2025.03.31,서울특별시 공동주택과,2133-7146,송파구 주택사업과,2147-2896
장미1~3차,정비사업,재건축(공동),송파구,"343,266 ㎡",신천동 7,"제1종,제3종일반",제3종일반,-,-,-,-,-세대,-,-,-,재건축(공동),동남권,조합설립인가,2020.03.24,2025.03.31,서울특별시 공동주택과,2133-7146,송파구 주택사업과,2147-2896
천호우성아파트,정비사업,재건축(공동),강동구,"28,323.5 ㎡",천호동 19-1,"제2종,제3종일반","제2종,제3종일반",232.55%,30.14%,4/15,43.31,629세대,629,-,-,재건축(공동),동남권,사업시행인가,2024.06.04,2025.03.31,서울특별시 공동주택과,2133-7299,강동구 재건축재개발과,3425-5984
청담삼익아파트,정비사업,재건축(공동),강남구,"51,098 ㎡",청담동 134-18,"제1종,제3종일반","제1종,제3종일반",299.31%,17.74%,4/35,111.09,"1,261세대","1,117",144,11.42%,재건축(공동),동남권,착공,2021.06.25,2025.03.31,서울특별시 공동주택과,2133-7139,강남구 재건축사업과,3423-6073
한강맨션,정비사업,재건축(공동),용산구,"84,096 ㎡",이촌동 300-153,제3종일반,"제2종,제3종일반,자연녹지",255.15%,20.45%,3/35,106,"1,441세대","1,303",138,9.58%,재건축(공동),도심권,관리처분계획인가,2022.12.02,2025.03.31,서울특별시 공동주택과,2133-7283,용산구 주택과,2199-7364
한강삼익,정비사업,재건축(공동),용산구,"17,191.1 ㎡",이촌동 300-301,"제2종(7층),제3종일반","제2종(7층),제3종일반",259.76%,18.87%,3/30,94.2,329세대,277,52,15.81%,재건축(공동),도심권,사업시행인가,2020.06.05,2025.03.31,서울특별시 공동주택과,2133-7283,용산구 주택과,2199-7365
