사업번호,자치구,법정동,사업구분,운영구분,추진위원회/조합명,대표지번,진행단계,상태,토지등 소유자 수,정비구역명칭,정비구역위치,정비구역면적(㎡),건축연면적(㎡),용도지역,용도지구,택지면적(㎡),도로면적(㎡),공원면적(㎡),녹지면적(㎡),공공공지면적(㎡),학교면적(㎡),기타면적(㎡),주용도,건폐율,용적률,높이(m),지상층수,지하층수,분양세대총수,60㎡이하,60㎡초과~85㎡이하,85㎡초과,임대세대총수,(임대)40㎡이하,(임대)40㎡초과~50㎡이하,(임대)50㎡초과,건축계획비고,위치도,조감도,배치도,조합사무실 주소,조합사무실 전화번호,진행단계_구간
11740-900001290,강동구,천호동,재개발(주택정비형),조합,천호 A1-1구역 공공재개발 정비사업 주민대표회의,천호동 467-61,조합설립인가,운영,216,천호 A1-1구역 공공재개발 정비사업,강동구 천호동 467-61,26548.97,,제3종일반주거지역,,26548.97,5389.25,0.0,0.0,0.0,0.0,21159.72,공동주택 및 부대복리시설,50.0,359.94,125.0,40.0,,480,189.0,213.0,78.0,267,40.0,,227.0,,/servlet/image?url=images/assc/2025/03/202503121522181741760538457.png,/servlet/image?url=images/assc/2025/04/202504040949361743727776091.png,/servlet/image?url=images/assc/2025/04/202504040949361743727776481.png,"서울특별시 강동구 구천면로 153, 용강빌딩 401호 (천호동)",02-474-4230,정비구역지정~조합설립
11290-900001296,성북구,하월곡동,재개발(주택정비형),공공지원자,하월곡1구역 주택정비형 재개발사업,하월곡동 70-1,정비구역지정,운영,0,,,,,,,,,,,,,,,,,,,,0,,,,0,,,,,,,,,,정비구역지정~조합설립
11110-100002000,종로구,신영동,재개발(주택정비형),조합,신영제1구역 주택재개발정비사업조합,신영동 158-2,철거신고,운영,56,신영제1구역 주택재개발정비사업,종로구 신영동 158-2번지,15589.3,35566.19,제2종일반주거지역,자연경관지구,13252.6,1601.1,,,,,735.6,공동주택,37.06,151.5,22.0,7.0,3.0,199,41.0,123.0,35.0,0,,,,,/servlet/image/assc/201003101141151268188875576.jpg,/servlet/image/assc/2023/07/202307241353051690174385645.jpg,/servlet/image?url=images/assc/2022/03/202203161001481647392508301.jpg,서울특별시 종로구 자하문로42길 29 (신영동),02-395-0045,관리처분인가~이전고시
11140-100002005,중구,신당동,재개발(주택정비형),조합,신당제8구역 재개발정비사업조합,신당동 321-1,관리처분인가,운영,544,신당제8구역주택재개발 정비사업,중구 신당동 321번지 일대,58651.3,189092.58,2종일반주거지역,,45184.0,7992.0,3699.3,,,470.0,1306.0,공동주택(아파트)/및 부대복리시설,17.68,244.17,84.0,28.0,4.0,1030,513.0,449.0,68.0,183,90.0,80.0,13.0,,/servlet/image?url=images/assc/2018/04/201804121354301523508870409.jpg,/servlet/image/assc/2019/06/201906270026031561562763974.jpg,/servlet/image?url=images/assc/2024/05/202405101504191715321059096.jpg,"서울특별시 중구 다산로22길 26, 3층 (신당동)",02-2231-9559,사업시행인가~관리처분인가
11230-100003002,동대문구,청량리동,재개발(주택정비형),조합,청량리제6구역주택재개발정비사업조합,청량리동 205,사업시행인가,운영,688,청량리제6주택재개발정비구역,동대문구 청량리동 205번지 일대,83883.1,227419.52,제2종일반주거지역(12층이하),,63056.3,14800.8,4200.0,,,,700.0,공동주택 및 부대복리시설,25.0,234.0,72.0,16.0,,1242,543.0,612.0,87.0,255,78.0,,177.0,,/servlet/image?url=images/assc/2021/09/202109081632161631086336722.png,/servlet/image/assc/2024/11/202411221107111732241231953.jpg,/servlet/image/assc/2024/11/202411221109151732241355188.jpg,"서울특별시 동대문구 홍릉로 87, 3층 (스피트메이트 건물) (청량리동)",02-3295-2277,사업시행인가~관리처분인가
11230-100006043,동대문구,이문동,재개발(주택정비형),조합,이문1재정비촉진구역 주택재개발정비사업조합,이문동 257-42,일반분양승인,운영,1759,이문1재정비촉진구역,동대문구 이문동 257-42번지,144856.0,458412.65,제2종 및 제3종 일반주거지역 일반상업지역,재정비촉진지구,115829.0,17621.0,9228.0,0.0,0.0,0.0,2178.0,공동주택,30.0,247.6,75.0,27.0,5.0,2528,1235.0,1185.0,108.0,541,236.0,249.0,56.0,,/servlet/image?url=images/assc/2015/12/201512281459311451282371597.jpg,/servlet/image?url=images/assc/2021/09/202109011300231630468823283.jpg,/servlet/image?url=images/assc/2021/09/202109011301051630468865355.jpg,301호,02-960-2788,관리처분인가~이전고시
11230-100006045,동대문구,휘경동,재개발(주택정비형),조합,휘경3재정비촉진구역 주택재개발정비사업조합,휘경동 172,일반분양승인,운영,603,휘경3재정비촉진구역 주택재개발정비사업조합,동대문구 휘경동 172번지,65338.0,195963.42,제3종일반주거지역,재정비촉진지구,41652.0,9316.0,3195.0,6310.0,1480.0,,3385.0,공동주택 및 부대복리시설,18.45,29.96,118.0,35.0,3.0,1785,397.0,1387.0,1.0,314,87.0,70.0,157.0,,/servlet/image/assc/2011/10/201110131004401318467880981.bmp,/servlet/image?url=images/assc/2016/10/201610041201351475550095821.jpg,/servlet/image?url=images/assc/2016/10/201610041201381475550098194.jpg,거부빌딩 6층,02-2245-7223,관리처분인가~이전고시
11230-100007000,동대문구,전농동,재개발(주택정비형),조합,전농8구역주택재개발정비사업조합,전농동 204,조합설립인가,운영,633,전농8구역주택재개발정비사업조합,동대문구 전농동 204번지,93697.0,289080.73,전농답십리뉴타운 개발구역,,72231.5,10884.0,6830.1,0.0,,0.0,3743.4,주택재개발사업,25.45,249.99,130.0,32.0,4.0,1398,611.0,660.0,127.0,352,77.0,106.0,169.0,,/servlet/image?url=images/assc/2024/08/202408231010461724375446811.jpg,/servlet/image?url=images/assc/2024/08/202408230951401724374300437.jpg,/servlet/image?url=images/assc/2024/08/202408230951421724374302714.jpg,"서울특별시 동대문구 전농로17길 55, 3층 (전농동)",02-2212-0247,정비구역지정~조합설립
11230-900000092,동대문구,전농동,재개발(주택정비형),조합,전농제12구역 재개발정비사업조합,전농동 643,조합설립인가,운영,146,전농12주택재개발정비구역,동대문구 전농동 643번지,16237.0,53075.09,제3종일반주거지역,,13791.7,834.1,815.0,,,,796.2,공동주택,50.0,2.4,,,30.0,246,53.0,143.0,50.0,51,22.0,21.0,8.0,,/servlet/image?url=images/assc/2020/02/202002131707391581581259077.jpg,/servlet/image/assc/2011/03/201103091753311299660811607.jpg,/servlet/image/assc/2011/03/201103091753311299660811919.jpg,"서울특별시 동대문구 답십리로 48-6, 1층 (전농동)",02-2215-2213,정비구역지정~조합설립
11140-900000749,중구,신당동,재개발(주택정비형),조합,신당10구역주택재개발정비사업조합,신당동 236-100,조합설립인가,운영,765,신당제10구역주택재개발정비사업,중구 신당동 236-100,6389.34,230468.45,제2종제3종 일반주거지역 일반상업지역,,47795.1,9989.9,6108.4,,,,,공동주택 및 부대복리시설,28.1,299.8,175.0,35.0,3.0,1107,508.0,429.0,170.0,316,52.0,77.0,187.0,,/servlet/image?url=images/assc/2023/09/202309121439531694497193121.jpg,/servlet/image?url=images/assc/2023/09/202309121538571694500737627.jpg,/servlet/image?url=images/assc/2024/05/202405131117281715566648249.png,"서울특별시 중구 퇴계로76길 66, 2층 (신당동)",02-2256-7435,정비구역지정~조합설립
11620-900000626,관악구,신림동,재개발(주택정비형),조합,신림1재정비촉진구역 재개발정비사업조합,신림동 808-,사업시행인가,운영,1460,신림1재정비촉진구역 주택재개발정비사업,관악구 신림동 808-495,223168.7,739412.15,일반주거지역 준주거 자연녹지 등,,176229.6,22507.6,12560.0,,,,11871.5,공동주택 등,22.21,259.68,,29.0,5.0,3554,821.0,1987.0,746.0,631,413.0,,218.0,,/servlet/image?url=images/assc/2022/04/202204271624001651044240296.png,/servlet/image?url=images/assc/2024/06/202406051143151717555395738.jpg,/servlet/image?url=images/assc/2024/06/202406051143201717555400211.jpg,,02-874-5040,사업시행인가~관리처분인가
11290-100007003,성북구,보문동,재개발(주택정비형),조합,보문제5구역 주택재개발정비사업조합,보문동1가 196-11,착공신고,운영,156,보문제5구역 주택재개발정비사업,성북구 보문동1가 196-11번지,10798.5,65273.1,준주거지역,,,,,,,,,아파트 및 판매시설,55.62,292.67,,26.0,5.0,186,,149.0,37.0,0,,,,,/servlet/image/assc/2010/12/201012081200151291777215752.jpg,/servlet/image/assc/2010/12/201012081151491291776709016.jpg,/servlet/image/assc/2010/12/201012081151531291776713344.jpg,"서울특별시 성북구 보문로 121, 2층 (보문동2가)",02-921-6483,관리처분인가~이전고시
11290-100009002,성북구,삼선동,재개발(주택정비형),조합,삼선제5구역 주택재개발정비사업조합,삼선동2가 296,일반분양승인,운영,419,삼선제5주택재개발정비사업,성북구 삼선동2가 296번지 ,63918.5,174294.29,제2종일반주거지역,,48086.8,9861.1,3670.0,,,2300.6,49139.4,공동주택및복리시설,25.87,230.29,51.0,18.0,4.0,1015,731.0,284.0,,208,119.0,89.0,,,/servlet/image/assc/2011/12/201112201236391324352199327.jpg,/servlet/image/assc/2018/04/201804251539471524638387351.jpg,/servlet/image/assc/2021/02/202102161516181613456178995.jpg,한진스포츠센타 5402호,02-3673-3359,관리처분인가~이전고시
11290-100016004,성북구,장위동,재개발(주택정비형),조합,장위14구역 주택재개발정비사업조합,장위동 233-552,조합설립인가,운영,1427,장위14구역 주택재개발정비사업조합,성북구 장위동 233-552번지,145174.6,392654.68,제1종 제2종 일반주거지역,재정비촉진지구,106512.0,21359.0,7442.3,0.0,1212.0,0.0,10104.6,공동주택 및 부대복리시설,21.58,211.59,71.0,25.0,7.0,2000,767.0,1139.0,94.0,439,189.0,203.0,47.0,,/servlet/image?url=images/assc/2023/05/202305101312341683691954232.png,/servlet/image?url=images/assc/2023/05/202305091128381683599318534.png,/servlet/image?url=images/assc/2023/05/202305091128381683599318720.png,"서울특별시 성북구 돌곶이로 151, 4층 (장위동)",02-915-0647,정비구역지정~조합설립
11170-900000100,용산구,한남동,재개발(주택정비형),조합,한남 제3재정비촉진구역 주택재개발정비사업 조합,한남동 686,관리처분인가,운영,3887,한남 제3재정비촉진구역,용산구 한남동 686-0,393729.0,,"제1종일반주거지역,제2종일반주거지역(7층),제3종일반주거지역,준주거지역",,109455.0,39299.0,46506.0,9946.0,1125.0,8753.0,3826.0,주상복합 및 공동주택,60.0,235.0,95.0,29.0,,4778,2005.0,1834.0,939.0,979,402.0,402.0,175.0,,/servlet/image/assc/2010/08/201008201654501282290890259.jpg,/servlet/image/assc/2019/04/201904181351531555563113241.jpg,/servlet/image/assc/2019/04/201904181353441555563224727.jpg,301호,02-795-7677,사업시행인가~관리처분인가
11170-900000102,용산구,동빙고동,재개발(주택정비형),조합,한남5재정비촉진구역 주택재개발정비사업 조합,동빙고동 60,조합설립인가,운영,1562,한남 제5재정비촉진구역,용산구 동빙고동 60-0,183707.0,,제1종일반주거지역제2종일반주거지역(7층)제3종일반주거지역준주거지역,,54409.0,17632.0,1913.0,20038.0,9860.0,3176.0,1790.0,주상복합 및 공동주택,60.0,223.0,170.0,50.0,,1956,569.0,565.0,822.0,403,170.0,168.0,65.0,,/servlet/image/assc/2012/10/201210161120411350354041715.jpg,/servlet/image?url=images/assc/2022/04/202204261519371650953977110.png,/servlet/image?url=images/assc/2022/04/202204261519401650953980183.jpg,"서울특별시 용산구 장문로 14, 우성빌딩 2층 (동빙고동)",02-749-8189,정비구역지정~조합설립
11545-900001310,금천구,가산동,재개발(주택정비형),조합,서울시 테스트 조합,가산동 123-1233,조합설립인가,운영,0,,,,,,,,,,,,,,,,,,,,0,,,,0,,,,,,,,,,정비구역지정~조합설립
11260-100003045,중랑구,중화동,재개발(주택정비형),조합,중화1재정비촉진구역 주택재개발정비사업 조합,중화동 331-64,일반분양승인,운영,412,중화1재정비촉진구역,중랑구 중화동 331-1번지,44725.5,146109.23,도시지역 제23종일반주거지역,일반미관지구,32561.3,3268.9,4556.0,3020.7,1199.5,,119.1,공동주택(아파트)및 부대복리시설,20.6,299.95,100.0,35.0,2.0,835,376.0,421.0,38.0,220,87.0,69.0,64.0,부분임대포함,/servlet/image?url=images/assc/2022/10/202210131004121665623052866.png,/servlet/image/assc/2018/05/201805141625571526282757613.jpg,/servlet/image/assc/2018/05/201805141629231526282963716.jpg,"서울특별시 중랑구 동일로 823, 4층,(논밭빌딩) (중화동)",02-433-1573,관리처분인가~이전고시
11290-100016013,성북구,장위동,재개발(주택정비형),추진위원회,장위3구역 주택재개발정비사업 조합,장위동 350,조합설립추진위원회승인,운영,392,장위3구역주택재개발정비사업조합,성북구 장위동 305일대,66011.0,159270.59,서울시 성북구 장위동 305번지 일대,제2종 일반주거지역,52651.0,4009.0,8321.0,0.0,10.0,0.0,0.0,2종일반주거지역,14.44,229.94,88.0,29.0,2.0,473,32.0,432.0,9.0,184,84.0,79.0,21.0,건축면적은 전용면적으로 대치,/servlet/image/assc/2010/08/201008311051101283219470171.bmp,/servlet/image?url=images/assc/2020/02/202002241457281582523848344.png,/servlet/image/assc/2010/04/201004291645491272527149133.png,,02-909-4213,정비구역지정~조합설립
11230-100003008,동대문구,신설동,재개발(주택정비형),조합,신설제1구역 공공재개발정비사업 ,신설동 92-5,사업시행인가,운영,94,신설제1구역 공공재개발 정비사업 주민대표회의,동대문구 신설동 92-5 ,11204.15,45794.47,제2종 일반주거지역,제2종 일반주거지역,10124.8,845.05,0.0,0.0,0.0,0.0,234.3,공동주택/근린생활시설/부대시설,29.64,298.81,72.0,24.0,2.0,189,69.0,96.0,24.0,110,14.0,1.0,95.0,0,/servlet/image?url=images/assc/2023/04/202304121021431681262503612.jpg,/servlet/image/assc/2025/05/202505021123141746152594456.jpg,/servlet/image/assc/2025/05/202505021421001746163260095.jpg,"서울특별시 동대문구 하정로5길 5, 미영빌딩 2층 (신설동)",02-921-6058,사업시행인가~관리처분인가
11230-100009002,동대문구,청량리동,재개발(주택정비형),조합,청량리제8구역 주택재개발정비사업조합,청량리동 435,사업시행인가,운영,279,청량리제8구역 주택재개발정비사업조합,동대문구 청량리동 435번지,29001.0,90086.06,제3종 일반주거지역,,23136.8,2430.9,2119.5,,,,1313.8,공동주택 및 부대복리시설,15.99,246.98,70.0,24.0,3.0,460,148.0,264.0,48.0,150,46.0,51.0,53.0,,/servlet/image/assc/2013/12/201312231439421387777182459.jpg,/servlet/image/assc/2024/07/202407191026541721352414536.jpg,/servlet/image/assc/2024/07/202407191024171721352257739.jpg,"서울특별시 동대문구 약령시로19길 21, 1층 (청량리동)",02-965-0464,사업시행인가~관리처분인가
11290-100007001,성북구,보문동,재개발(주택정비형),조합,보문제2구역 주택재개발정비사업조합,보문동1가 60-28,준공인가,운영,237,보문제2구역 주택재개발정비사업 ,성북구26길 13-9(보문동1가),17837.0,61497.89,도시지역,제2종일반주거지역,15026.0,1790.0,1021.0,,,,,일반주거,24.35,246.57,65.0,18.0,2.0,395,327.0,68.0,,70,70.0,,,,/servlet/image/assc/2011/12/201112191150591324263059674.jpg,/servlet/image/assc/2018/06/201806180944441529282684510.jpg,/servlet/image/assc/2018/06/201806180946391529282799872.jpg,서울특별시 성북구 삼선교로23길 7 (삼선동4가),02-926-3010,관리처분인가~이전고시
11230-100003014,동대문구,청량리동,재개발(주택정비형),조합,청량리제7구역 주택재개발정비사업조합,청량리동 199,착공신고,운영,389,청량리 제7구역 주택재개발 정비사업,동대문구 청량리동 199-0,35273.7,111214.94,제2종 일반주거지역,일반미관지구,26166.3,5896.4,,1742.9,,,1468.1,아파트 및 부대복리시설,24.83,240.44,53.0,18.0,6.0,627,528.0,99.0,,134,50.0,68.0,16.0,,/servlet/image?url=images/assc/2024/08/202408251845061724579106829.bmp,/servlet/image/assc/2018/08/201808211042331534815753441.jpg,/servlet/image/assc/2018/08/201808211043101534815790478.jpg,3층,02-3295-5764,관리처분인가~이전고시
11290-100011002,성북구,동선동,재개발(주택정비형),조합,동선제2구역 주택재개발정비사업조합,동선동4가 304-2,관리처분인가,운영,166,동선2구역주택재개발정비사업,동선동 304-2,15608.2,49120.83,제2종일반주거지역 / 일반상업지역,,,2154.9,,,708.7,,,아파트,24.57,23.33,53.0,19.0,3.0,277,130.0,147.0,,57,25.0,24.0,8.0,,/servlet/image?url=images/assc/2024/08/202408131618131723533493926.png,/servlet/image/assc/2014/12/201412111530481418279448365.jpg,/servlet/image?url=images/assc/2024/09/202409061348371725598117710.jpg,서울특별시 성북구 아리랑로4가길 5 (동선동5가),02-924-6584,사업시행인가~관리처분인가
11590-100002005,동작구,흑석동,재개발(주택정비형),조합,흑석9재정비촉진구역 조합,흑석동 90,착공신고,운영,759,흑석9재정비촉진구역,동작구 흑석동 90번지,94579.2,187957.58,일반주거지역,,743.04,63.73,153.68,,5.27,,,공동주택,19.0,235.0,,,,1255,267.0,748.0,240.0,215,90.0,90.0,35.0,,/servlet/image/assc/2010/05/201005271155381274928938893.jpg,/servlet/image/assc/2018/04/201804201438241524202704399.jpg,/servlet/image/assc/2018/04/201804201442401524202960957.jpg,"서울특별시 동작구 흑석한강로 27, 상가A동 B202호 (흑석동, 흑석한강푸르지오)",02-825-7516,관리처분인가~이전고시
11305-100005001,강북구,미아동,재개발(주택정비형),조합,미아제11구역 재개발정비사업조합,미아동 791-108,조합설립인가,운영,412,미아제11구역 주택재개발정비사업,강북구 미아동 791-108,35891.0,106076.78,제2종 일반주거지역,,,4340.0,1935.0,,,,,공동주택 및 부대복리시설,26.95,242.98,,26.0,3.0,495,,,495.0,103,,,103.0,,/servlet/image?url=images/assc/2022/05/202205240936111653352571317.jpg,/servlet/image?url=images/assc/2022/05/202205240936111653352571955.jpg,/servlet/image?url=images/assc/2022/05/202205240936141653352574091.jpg,3층 302호,02-989-7979,정비구역지정~조합설립
11350-100002014,노원구,상계동,재개발(주택정비형),조합,상계1재정비촉진구역 주택재개발정비사업 조합,상계동 -,사업시행인가,운영,305,상계1재정비촉진구역,자력6구역 8블럭9롯트7블럭57롯트상계동 6-42,86432.5,205097.38,제123종 일반주거지역 자연녹지지역,재정비촉진지구,56945.5,8825.6,18137.0,0.0,531.0,0.0,1993.4,공동주택 및 근린생활시설,17.37,215.54,88.0,25.0,5.0,1098,551.0,547.0,,290,155.0,125.0,10.0,85m2 초과세대 없음.,/servlet/image?url=images/assc/2016/01/201601111022291452475349703.jpg,/servlet/image/assc/2010/11/201011091047121289267232329.bmp,/servlet/image?url=images/assc/2021/06/202106231041011624412461674.png,2층,02-934-2331,사업시행인가~관리처분인가
11350-100002018,노원구,상계동,재개발(주택정비형),조합,상계6재정비촉진구역 주택재개발정비사업 조합,상계동 95-3,준공인가,운영,322,상계6재정비촉진구역,노원구 상계동 95-3번지,65684.9,163563.42,제3종 일반주거지역 준주거지역,재정비촉진지구,35315.0,20396.3,9023.3,0.0,0.0,0.0,950.0,공동주택,20.65,304.99,88.0,29.0,3.0,965,457.0,473.0,35.0,198,93.0,84.0,21.0,,/servlet/image/assc/2011/01/201101041513401294121620941.jpg,/servlet/image/assc/2019/12/201912171604021576566242799.jpg,/servlet/image/assc/2019/12/201912171605101576566310716.jpg,인광빌딩 3층,02-930-1463,관리처분인가~이전고시
11410-100005002,서대문구,영천동,재개발(주택정비형),조합,영천구역주택재개발정비사업조합,영천동 69-20,착공신고,운영,115,영천 주택재개발 정비사업,영천동 69-20번지,11154.2,55400.68,,,6744.9,3077.1,,,1322.2,,,공공주택 및 판매시설,40.56,399.31,76.0,23.0,5.0,199,71.0,126.0,2.0,0,,,,,/servlet/image?url=images/assc/2017/07/201707061404291499317469455.jpg,/servlet/image?url=images/assc/2023/09/202309201416211695186981161.jpg,/servlet/image?url=images/assc/2023/07/202307131012061689210726608.jpg,4층,02-364-4169,관리처분인가~이전고시
11410-100008007,서대문구,북아현동,재개발(주택정비형),조합,북아현 3 재정비촉진구역 주택재개발 정비사업조합,북아현동 3-66,사업시행인가,운영,2536,북아현3 재정비촉진구역 주택재개발 정비사업조합,서대문구 북아현동 3-66번지,263100.0,619750.57,제2종일반주거지역,도시재정비촉진지구,180952.6,33481.6,36611.1,10.0,7476.0,139.0,4444.0,공공주택 및 부대복리시설,16.28,233.15,103.0,35.0,6.0,3015,534.0,1831.0,650.0,618,273.0,265.0,80.0,,/servlet/image/assc/2010/08/201008111105381281492338675.jpg,/servlet/image/assc/2019/09/201909051325211567657521258.jpg,/servlet/image/assc/2019/09/201909051327451567657665102.jpg,2층,02-363-9205,사업시행인가~관리처분인가
11410-100008003,서대문구,북아현동,재개발(주택정비형),조합,북아현 2 재정비촉진구역 주택재개발 정비사업조합,북아현동 520,사업시행인가,운영,1261,북아현2재정비촉진구역,서대문구 북아현동 520번지,120055.8,301044.27,2종일반주거지역준주거,재개발지구,83709.4,12209.2,3919.1,5361.3,241.1,8930.0,2983.0,공동주택(아파트)및부대복리시설,18.28,241.64,103.0,35.0,3.0,1422,150.0,688.0,584.0,292,132.0,124.0,36.0,,/servlet/image/assc/2011/04/201104211327341303360054299.jpg,/servlet/image?url=images/assc/2021/02/202102151520111613370011480.jpg,/servlet/image?url=images/assc/2024/08/202408280952341724806354063.jpg,백상빌딩 305호,02-362-1049,사업시행인가~관리처분인가
11440-900001094,마포구,공덕동,재개발(주택정비형),조합,공덕7구역 주택정비형 재개발사업,공덕동 115-97,조합설립인가,운영,0,,,,,,,,,,,,,,,,,,,,0,,,,0,,,,,,,,,,정비구역지정~조합설립
11170-900000973,용산구,청파동,재개발(주택정비형),공공지원자,청파제2구역주택재개발정비사업 (신속통합기획),청파동1가 89-18,정비구역지정,운영,0,,,,,,,,,,,,,,,,,,,,0,,,,0,,,,,,,,,,정비구역지정~조합설립
11500-900001004,강서구,방화동,재개발(주택정비형),조합,방화2재정비촉진구역 재개발정비사업,방화동 589-13,조합설립인가,운영,348,,,,,,,,,,,,,,,,,,,,0,,,,0,,,,,,,,,,정비구역지정~조합설립
11200-100002007,성동구,금호동,재개발(주택정비형),조합,금호제16구역주택재개발정비사업조합,금호동2가 501-31,관리처분인가,운영,365,금호제16재개발정비구역,성동구 금호동2가 501-31,27485.0,88619.35,제2종일반주거지역,행정기관 위탁고도 120m지역,22703.0,2077.0,2407.0,180.0,118.0,,,아파트,23.96,236.89,4692.0,16.0,8.0,475,171.0,304.0,,120,120.0,,,,/servlet/image/assc/2011/11/201111241153481322103228405.jpg,/servlet/image?url=images/assc/2021/12/202112301122161640830936089.jpg,/servlet/image?url=images/assc/2021/12/202112301122171640830937886.jpg,2층,02-2254-1131,사업시행인가~관리처분인가
11590-100002004,동작구,흑석동,재개발(주택정비형),조합,흑석1재정비촉진구역 재개발정비사업조합,흑석동 43-7,조합설립인가,운영,210,흑석1재정비촉진구역,동작구 흑석동 43-7번지 ,26675.0,82260.2,제1종일반 제2종일반(7층) 제2종 일반 제3종 일반,,18165.0,6122.0,2388.0,,,,,공동주택및주민공동시설,39.1,294.17,,30.0,2.0,392,202.0,102.0,88.0,82,36.0,36.0,10.0,,/servlet/image?url=images/assc/2020/01/202001021657291577951849730.jpg,/servlet/image?url=images/assc/2020/12/202012151048351607996915679.jpg,/servlet/image?url=images/assc/2020/12/202012151045231607996723900.jpg,"서울특별시 동작구 서달로14길 44, 2층 (흑석동)",02-817-0080,정비구역지정~조합설립
11620-100001000,관악구,봉천동,재개발(주택정비형),추진위원회,봉천 제13구역 주택재개발정비사업 조합설립추진위원회,봉천동 913-1,조합설립추진위원회승인,운영,197,봉천제13구역 공공재개발정비사업,관악구 봉천동 913번지,12272.5,40138.16,제3종일반주거지역,중심미관지구,,,,,,,,아파트 판매시설 근린생활시설,46.04,283.1,67.0,2.0,2.0,192,,34.0,158.0,0,,,,,/servlet/image/assc/2012/09/201209031030181346635818600.jpg,/servlet/image/assc/2012/09/201209031023191346635399598.jpg,/servlet/image/assc/2012/09/201209031024021346635442401.jpg,208호,02-882-4342,정비구역지정~조합설립
11620-100003009,관악구,봉천동,재개발(주택정비형),조합,봉천제4-1-2구역 주택재개발정비사업 조합,봉천동 101,착공신고,운영,715,봉천 제4-1-2구역 주택재개발정비사업조합,관악구 봉천5-9동 산101번지,55512.8,132512.3,제3종 일반주거지역,해당사항없음,33512.6,7547.3,10042.9,,,,6725.7,아파트부대복리시설,23.15,288.08,83.0,28.0,3.0,833,388.0,445.0,,164,67.0,65.0,32.0,,/servlet/image/assc/2010/08/201008161643331281944613588.jpg,/servlet/image/assc/2017/11/201711141019101510622350494.jpg,/servlet/image/assc/2017/11/201711141020431510622443448.jpg,2층,02-888-9141,관리처분인가~이전고시
11620-100004000,관악구,신림동,재개발(주택정비형),조합,신림3재정비촉진구역 주택재개발정비사업조합,신림동 316-55,준공인가,운영,274,신림3재정비촉진구역,관악구 신림동 316-55,35136.4,79157.74,제1종제2종(7층)일반주거지역자연녹지지역,,22463.3,4078.5,7295.3,,,,1299.3,공동주택 및 부대복리시설,23.25,233.7,,17.0,4.0,473,225.0,248.0,,98,42.0,42.0,14.0,,/servlet/image?url=images/assc/2024/06/202406120904351718150675487.jpg,/servlet/image/assc/2019/12/201912181036351576632995283.jpg,/servlet/image/assc/2019/12/201912181100311576634431871.jpg,2층,02-873-8242,관리처분인가~이전고시
11470-900001214,양천구,신월동,재개발(주택정비형),조합,신월7동 2구역 주택정비형 공공재개발사업,신월동 941,조합설립인가,운영,1606,신월7동 2구역 주택정비형 공공재개발사업,양천구 신월동 941-0,98295.17,286767.0, 제1종 일반주거지역 제2종 일반주거지역(7층이하),,73539.55,7814.22,12706.35,,1600.0,2635.05,,공동주택 및 부대복리시설,,249.71,66.0,12.0,2.0,1684,1281.0,403.0,,544,348.0,30.0,166.0,권리자분양 포함,/servlet/image?url=images/assc/2024/07/202407080956431720400203889.jpg,/servlet/image?url=images/assc/2024/07/202407080956441720400204412.jpg,/servlet/image?url=images/assc/2024/07/202407080956441720400204597.jpg,"서울특별시 양천구 지양로7길 2, 2층 (신월동)",02-6085-9595,정비구역지정~조합설립
11305-900000028,강북구,미아동,재개발(주택정비형),조합,미아2재정비촉진구역 주택재개발정비사업 조합,미아동 403,조합설립인가,운영,1582,미아2재정비촉진구역,강북구 미아동 403번지,179566.0,392076.19,제1종 및 제2종 일반주거지역,,152479.0,14806.0,10137.0,,2144.0,23780.0,,아파트,15.95,229.59,99.0,,,2366,1024.0,1082.0,260.0,504,204.0,204.0,96.0,,/servlet/image?url=images/assc/2017/02/201702241657441487923064170.png,/servlet/image/assc/2010/05/201005041802471272963767768.jpg,/servlet/image/assc/2010/05/201005041802481272963768127.jpg,5층 501호,02-981-0431,정비구역지정~조합설립
11410-100003003,서대문구,홍은동,재개발(주택정비형),조합,홍은제13구역 주택재개발정비사업조합,홍은동 11-111,착공신고,운영,385,홍은제13구역 주택재개발정비사업조합,홍은동 11-111번지 일대,36220.0,110158.0,제2종일반주거지역(7층)제3종일반주거지역,주택재개발지역,36220.0,6988.0,2394.0,0.0,367.0,0.0,1253.0,아파트및근린생활시설,29.0,196.0,45.0,15.0,3.0,827,590.0,56.0,181.0,131,64.0,53.0,14.0,,/servlet/image/assc/2011/04/201104261500141303797614068.jpg,/servlet/image?url=images/assc/2024/08/202408131434131723527253850.jpg,/servlet/image?url=images/assc/2024/08/202408131435291723527329409.jpg,"서울특별시 서대문구 포방터길 20, 2층 (홍제동)",02-395-1316,관리처분인가~이전고시
11350-100002015,노원구,상계동,재개발(주택정비형),조합,상계2재정비촉진구역 주택재개발정비사업 조합,상계동 -,사업시행인가,운영,1442,상계2재정비촉진구역 주택재개발 정비사업,노원구 상계동 자력2구역 17블럭 1롯트,100819.4,330946838.67,제123종일반주거지역 자연녹지지역,,74231.8,18027.0,1219.2,5719.5,,,1621.9,공동주택 및 부대복리시설,28.18,246.37,72.0,25.0,8.0,1685,413.0,874.0,398.0,515,264.0,231.0,20.0,,/servlet/image/assc/2010/05/201005181624411274167481866.jpg,/servlet/image/assc/2022/03/202203251118361648174716742.jpg,/servlet/image/assc/2022/04/202204081618281649402308967.jpg,장윤빌딩 201호,02-932-3800,사업시행인가~관리처분인가
11200-900000045,성동구,성수동,재개발(주택정비형),조합,성수전략정비구역 제4지구 주택재개발정비사업조합,성수동2가 219-4,조합설립인가,운영,753,성수전략정비구역 제4지구,성동구 성수동2가 219-4번지,89828.0,217309.08,"제2종(7층이하), 제3종일반주거지역, 자연녹지지역","역사문화미관지구, 일반미관지구",56270.0,18678.0,10584.0,3496.0,,,,공동주택,20.96,314.98,150.0,50.0,,1310,415.0,580.0,315.0,269,98.0,,171.0,,/servlet/image/assc/2011/11/201111181021451321579305564.bmp,/servlet/image/assc/2011/11/201111291740161322556016108.bmp,/servlet/image/assc/2011/11/201111181020341321579234192.bmp,3층,02-462-0804,정비구역지정~조합설립
11380-100001068,은평구,수색동,재개발(주택정비형),조합,수색13재정비촉진구역 주택재개발정비사업 조합,수색동 341-6,일반분양승인,운영,792,수색13재정비촉진구역(주택재개발사업),수색동 341-6번지,69727.0,211065.62,2종(7층 12층)일반주거지역,항공기지구역(비행안전구역),55397.0,6534.0,2256.0,2594.0,,,2946.0,공동주택 및 부대복리시설,21.88,231.86,65.0,20.0,4.0,1402,801.0,353.0,248.0,278,108.0,89.0,81.0,임대 포함,/servlet/image/assc/2011/12/201112071402131323234133382.jpg,/servlet/image?url=images/assc/2016/07/201607191835501468920950006.jpg,/servlet/image?url=images/assc/2016/07/201607191835501468920950587.jpg,3층 (수색13재정비촉진구역 주택재개발정비사업조합 사무실),02-307-0412,관리처분인가~이전고시
11470-100001016,양천구,신정동,재개발(주택정비형),조합,신정2재정비촉진구역2지구 주택재개발정비사업조합,신정동 1150-41,이전고시,운영,195,신정2-2지구 재정비촉진구역,양천구 신정동 1150-41,19599.5,60683.22,제2종 일반주거지역,재정비촉진지구,16249.4,6.3,2690.8,,,,653.0,공동주택,21.31,234.41,,19.0,3.0,336,109.0,227.0,,71,25.0,41.0,5.0,,/servlet/image/assc/2010/07/201007161646181279266378957.jpg,/servlet/image/assc/2017/06/201706130932191497313939131.jpg,/servlet/image/assc/2017/06/201706130933171497313997839.jpg,"서울특별시 양천구 중앙로 251, 코아상가 304호 (신정동)",02-2065-1990,관리처분인가~이전고시
11380-100001045,은평구,대조동,재개발(주택정비형),조합,대조제1구역주택재개발정비사업조합,대조동 88,착공신고,운영,1573,대조제1구역 주택재개발정비사업조합,은평구 대조동 88번지 등 ,111665.3,363149.67,일반주거지역,제2종,92088.1,12220.3,7356.9,,,,,,24.83,243.48,75.0,25.0,4.0,2083,985.0,561.0,537.0,368,171.0,165.0,32.0,,/servlet/image/assc/2010/03/201003291331431269837103126.jpg,/servlet/image?url=images/assc/2023/10/202310111541591697006519952.jpg,/servlet/image?url=images/assc/2023/10/202310121651551697097115117.jpg,9층,02-385-0050,관리처분인가~이전고시
11590-100001000,동작구,노량진동,재개발(주택정비형),조합,노량진3재정비촉진구역 조합,노량진동 232-19,사업시행인가,운영,586,노량진 제3재정비촉진구역,동작구 노량진동 232-19번지,73300.0,108105.29,제3종일반주거지역,재정비촉진구역,44300.0,3242.0,13697.0,,,12061.0,,아파트,24.34,244.03,,,,838,198.0,443.0,197.0,174,80.0,74.0,20.0,,/servlet/image/assc/2011/11/201111221548541321944534662.gif,/servlet/image/assc/2011/11/201111280953011322441581857.jpg,/servlet/image/assc/2012/01/201201251515201327472120278.jpg,"서울특별시 동작구 장승배기로 166, 2층 (노량진동)",02-815-5510,사업시행인가~관리처분인가
11200-100002010,성동구,성수동,재개발(주택정비형),조합,성수전략정비구역 제2지구 주택재개발정비사업조합,성수동2가 506,조합설립인가,운영,1092,성수전략정비구역 제2지구 주택재개발정비구역,성동구 성수동2가 506번지,131980.0,273966.9,제2종일반주거지역(7층)제3종일반주거지역,,68176.0,22207.0,30200.0,,1342.0,,10055.0,공동주택,17.63,317.01,150.0,50.0,,1582,376.0,825.0,381.0,325,118.0,,207.0,,/servlet/image/assc/2013/08/201308060916331375748193631.jpg,/servlet/image/assc/2011/06/201106201639201308555560327.bmp,/servlet/image/assc/2011/06/201106201639201308555560492.bmp,2층(202호),02-499-0385,정비구역지정~조합설립
11380-100001036,은평구,불광동,재개발(주택정비형),조합,불광제5 주택재개발정비사업 조합,불광동 238,관리처분인가,운영,1486,불광5주택재개발정비구역,은평구 불광동 238 244 272번지,117939.0,386176.26,제2종 일반주거지역,중심지미관지구,99420.0,6833.0,8881.0,,2805.0,,,공동주택 및 부대복리시설,19.6,235.01,68.0,24.0,3.0,2013,937.0,975.0,101.0,374,180.0,111.0,83.0,,/servlet/image/assc/2010/11/201011121622111289546531407.jpg,/servlet/image?url=images/assc/2020/01/202001101708491578643729771.png,/servlet/image?url=images/assc/2020/01/202001101708501578643730052.png,"서울특별시 은평구 불광로 102, 3층 (불광동)",02-358-5860,사업시행인가~관리처분인가
11380-900000142,은평구,증산동,재개발(주택정비형),조합,증산5재정비촉진구역 주택재개발정비사업 조합,증산동 195-,관리처분인가,운영,975,증산5 재정비 촉진구역 주택 재개발 정비 사업,은평구 증산동 195번지,112573.0,265583.95,"제 2종(7,2)일반주거지역, 제3종 일반주거지역",일반미관지구,71157.0,16244.0,1996.0,9988.0,583.0,12605.0,,공동주택,24.96,263.7,92.0,30.0,3.0,1412,274.0,774.0,364.0,292,117.0,117.0,58.0,,/servlet/image/assc/2011/12/201112161610251324019425717.jpg,/servlet/image/assc/2013/06/201306261316571372220217631.jpg,/servlet/image/assc/2014/10/201410101235481412912148592.jpg,"1층,(증산동 평안빌딩)",02-304-7798,사업시행인가~관리처분인가
11290-900000159,성북구,성북동,재개발(주택정비형),조합,성북제2구역 주택재개발정비사업 조합,성북동 226-,사업시행인가,운영,361,성북제2구역주택재개발정비사업,성북동 226-103번지,75072.8,37918.07,제1종 전용주거지역 자연녹지지역,자연경관지구,62469.9,7847.7,4458.9,,296.3,,,공동주택 및 부대복리시설,35.9,89.13,14.0,4.0,3.0,195,61.0,134.0,,0,,,,단독주택 별도,/servlet/image?url=images/assc/2020/03/202003131528271584080907876.jpg,/servlet/image/assc/2024/09/202409191807101726736830263.jpg,/servlet/image/assc/2024/09/202409191857241726739844191.jpg,2층,02-741-3361,사업시행인가~관리처분인가
11170-100003006,용산구,청파동,재개발(주택정비형),조합,청파제1구역 재개발정비사업조합,청파동2가 11-1,조합설립인가,운영,460,청파제1구역 재개발정비사업조합,용산구 청파동2가 11-1번지,32390.4,112533.03,제2종 일반주거지역(7층이하) 제3종 일반주거지역,,26549.6,3060.3,,,,,2667.3,공동주택 및 부대복리시설,25.72,249.86,80.0,25.0,3.0,581,310.0,183.0,88.0,116,93.0,19.0,4.0,,/servlet/image?url=images/assc/2022/05/202205301413081653887588729.jpg,/servlet/image?url=images/assc/2024/08/202408121527361723444056345.jpg,/servlet/image?url=images/assc/2024/08/202408121733171723451597449.jpg,"서울특별시 용산구 청파로55길 7, 201호 청파제1구역 재개발정비사업조합 (청파동2가)",02-711-7811,정비구역지정~조합설립
11380-100001065,은평구,수색동,재개발(주택정비형),조합,수색8재정비촉진구역 주택재개발 정비사업조합,수색동 16-2,관리처분인가,운영,329,수색 8구역 주택재개발 정비사업조합,수색동 16-2번지,29884000.0,833.35,제2종 일반주거지역,,29884.0,9512.0,,,,,,주택 및 근생,24.0,263.89,64.0,,,479,170.0,309.0,,99,40.0,40.0,19.0,,/servlet/image?url=images/assc/2016/03/201603151033011458005581196.jpg,/servlet/image/assc/2018/08/201808011134111533090851572.jpg,/servlet/image/assc/2018/08/201808011134571533090897062.jpg,"서울특별시 은평구 수색로 256, 수색마트 3층 (수색동)",02-307-6040,사업시행인가~관리처분인가
11200-900000044,성동구,성수동,재개발(주택정비형),조합,성수전략정비구역제3지구주택재개발정비사업조합,성수동2가 572-7,조합설립인가,운영,960,성수전략정비구역 제3지구,성동구 성수동2가 572-7번지,114193.0,,일반주거지역,"미관지구,방화지구",65005.0,28171.0,16768.0,,4199.0,,,공동주택,18.35,316.78,150.0,,,1537,367.0,800.0,370.0,315,34.0,78.0,203.0,,/servlet/image/assc/2012/03/201203281423171332912197547.jpg,/servlet/image/assc/2011/11/201111171507331321510053819.jpg,/servlet/image/assc/2011/11/201111171507331321510053974.jpg,2층,02-462-4560,정비구역지정~조합설립
11590-100005006,동작구,노량진동,재개발(주택정비형),조합,노량진4재정비촉진구역 조합,노량진동 227-5,관리처분인가,운영,417,노량진촉진4구역,노량진227-5,40512.5,137273.18,제1종 일반주거지역 제2종 일반주거지역(혼재),,31540.8,5554.7,1508.0,,,,1909.0,공동주택 및 부대복리시설,22.82,247.48,90.0,30.0,5.0,699,338.0,361.0,,145,58.0,64.0,23.0,,/servlet/image/assc/2010/07/201007151804371279184677144.jpg,/servlet/image?url=images/assc/2020/07/202007221436431595396203338.png,/servlet/image?url=images/assc/2020/07/202007221445381595396738559.jpg,301호,02-812-0890,사업시행인가~관리처분인가
11200-100001001,성동구,행당동,재개발(주택정비형),조합,행당제7구역 주택재개발정비사업조합,행당동 128,일반분양승인,운영,536,행당제7구역주택재개발사업,성동구행당1동128번지,48345.3,121304.0,제1.2종주거지역,,33316.2,4131.0,10374.0,,,,,공동주택및 부대복리시설,20.87,249.64,,35.0,3.0,805,343.0,396.0,66.0,141,58.0,68.0,15.0,임대포함,/servlet/image?url=images/assc/2022/09/202209161438181663306698120.png,/servlet/image?url=images/assc/2022/09/202209161428461663306126045.jpg,/servlet/image?url=images/assc/2022/09/202209161428461663306126228.jpg,행당빌딩 305호,02-2292-0177,관리처분인가~이전고시
11380-100001052,은평구,갈현동,재개발(주택정비형),조합,갈현제1구역 주택재개발정비사업조합,갈현동 300,관리처분인가,운영,2649,갈현 제1주택재개발 정비사업,은평구 갈현동 300번지 일대,238850.9,652769.93,일반주거지역 자연녹지지역,1종2종3종,175794.9,30137.0,4478.0,11586.0,2264.4,7752.0,1489.0,공동주택(아파트) 및 부대복리시설,32.59,230.43,62.0,22.0,6.0,3484,1246.0,1566.0,672.0,640,300.0,262.0,78.0,,/servlet/image/assc/2011/10/201110141017301318555050373.jpg,/servlet/image/assc/2019/02/201902141246081550115968191.jpg,/servlet/image/assc/2019/02/201902141248441550116124815.jpg,갈현동 3층,02-388-0066,사업시행인가~관리처분인가
11440-100006006,마포구,아현동,재개발(주택정비형),조합,아현제4 주택재개발정비사업 조합,아현동 380,준공인가,운영,863,아현제4구역주택재개발정비사업조합,마포구 아현동 380번지,64357.7,,제2종일반주거지역,,53686.7,6568.4,3247.0,,179.6,676.0,,,22.53,227.81,,,,949,271.0,477.0,201.0,201,201.0,,,,/servlet/image/assc/2011/12/201112291014421325121282383.jpg,/servlet/image/assc/2010/01/201001151001491263517309779.jpg,/servlet/image/assc/2011/12/201112291014421325121282553.jpg,"2동 3층 302호(아현동,공덕자이상가)",02-701-5133,관리처분인가~이전고시
11470-100001012,양천구,신월동,재개발(주택정비형),조합,신정1재정비촉진구역3지구 주택재개발정비사업 조합,신월동 606,사업시행인가,운영,138,신정재정비촉진지구 제1구역 3지구 주택재개발 정비사업,양천구 신월동 606-0,11363.8,29411.9,23종일반주거지역,고도지구(공항고도지구원추표면),25678.62,2906.6,821.4,,276.8,,260.2,공동주택(아파트),20.9,253.88,56.0,20.0,2.0,175,38.0,137.0,,36,18.0,18.0,,,/servlet/image?url=images/assc/2020/01/202001031329311578025771486.jpg,/servlet/image/assc/2020/01/202001031438511578029931779.jpg,/servlet/image/assc/2020/01/202001031439551578029995314.jpg,동방아파트 상가 105호,02-2602-1510,사업시행인가~관리처분인가
11200-100002009,성동구,성수동,재개발(주택정비형),조합,성수전략정비구역 제1 주택정비형 재개발정비사업조합,성수동1가 72-10,조합설립인가,운영,1332,성수전략정비구역 제1지구,성동구 성수동1가 72-10번지,194398.0,422268.26,제2종제3종 일반주거지역자연녹지지역,역사문화미관지구,105595.0,39800.0,33612.0,,4115.0,10528.0,748.0,,21.47,309.22,50.0,,,2414,129.0,1704.0,581.0,495,52.0,130.0,313.0,,/servlet/image/assc/2011/08/201108100917481312935468743.jpg,/servlet/image/assc/2010/08/201008121018231281575903524.jpg,/servlet/image/assc/2011/08/201108100917481312935468916.jpg,3층,02-469-1400,정비구역지정~조합설립
11230-900000765,동대문구,답십리동,재개발(주택정비형),조합,답십리자동차부품상가 도시정비형 재개발정비사업조합,답십리동 952,사업시행인가,운영,553,답십리자동차부품상가 도시정비형 재개발정비사업,동대문구 답십리동 952-0,17882.0,179241.6,주거지역상업지역,,14094.0,2093.0,1695.0,,,,,공동주택 및 판매시설,59.26,799.87,1021.0,29.0,9.0,478,101.0,353.0,24.0,140,19.0,12.0,109.0,,/servlet/image?url=images/assc/2020/12/202012111038191607650699192.jpg,/servlet/image?url=images/assc/2024/11/202411191326181731990378960.jpg,/servlet/image?url=images/assc/2024/11/202411191326191731990379377.jpg,A동 301호,02-2249-7949,사업시행인가~관리처분인가
11560-100004036,영등포구,신길동,재개발(주택정비형),조합,신길제2구역 주택재개발정비사업조합,신길동 190,조합설립인가,운영,889,신길제2구역,영등포구 신길동 190-0,116913.0,471478.06,3종일반 주거지역,,95120.0,12025.0,8437.0,,1331.0,,,공동주택,17.0,300.0,150.0,49.0,4.0,2550,906.0,1321.0,323.0,649,131.0,131.0,387.0,,/servlet/image?url=images/assc/2020/04/202004281741571588063317342.jpg,/servlet/image?url=images/assc/2024/07/202407300917541722298674096.jpg,/servlet/image?url=images/assc/2024/07/202407300917551722298675486.jpg,서울특별시 영등포구 도신로51길 5 (신길동),02-832-4113,정비구역지정~조합설립
11590-100010000,동작구,대방동,재개발(주택정비형),조합,노량진7재정비촉진구역 조합,대방동 13-31,관리처분인가,운영,376,노량진7재정비촉진구역,동작구 대방동 13-31번지,33613.0,,,,22478.0,2533.5,6887.6,,890.4,365.0,,공동주택,20.96,228.97,,,,420,82.0,268.0,70.0,90,44.0,36.0,10.0,,/servlet/image/assc/2011/01/201101131758401294909120730.jpg,/servlet/image/assc/2022/05/202205301328021653884882945.jpg,/servlet/image/assc/2022/05/202205301329401653884980756.jpg,202호,02-3280-8508,사업시행인가~관리처분인가
11230-900000737,동대문구,용두동,재개발(주택정비형),추진위원회,용두1도시환경정비구역 제5지구 조합설립추진위원회,용두동 23-1,조합설립추진위원회승인,운영,89,용두1도시환경정비구역 제5지구,동대문구 용두동 23-1,15457.1,36948.0,,,,,,,,,,준주거지역,50.0,549.0,60.0,18.0,5.0,693,,211.0,482.0,0,,,,,/servlet/image?url=images/assc/2021/01/202101221649391611301779419.jpg,,,"서울특별시 동대문구 고산자로32길 39, 지하 3호 (용두동)",02-960-7515,정비구역지정~조합설립
11410-100006001,서대문구,연희동,재개발(주택정비형),조합,연희제1구역 주택재개발정비사업조합,연희동 533,철거신고,운영,521,연희제1구역 주택재개발정비사업,서대문구 연희동 533번지,55173.0,146775.0,도시지역 제2종일반주거지역,해당없음,37722.0,9850.0,3258.0,1036.0,0.0,0.0,3307.0,공동주택(아파트) 및 부대복리시설,21.92,246.72,5755.0,20.0,3.0,1002,530.0,468.0,4.0,206,80.0,90.0,36.0,임대포함,/servlet/image/assc/201001271702001264579320879.jpg,/servlet/image/assc/2015/04/201504291300181430280018729.jpg,/servlet/image/assc/2015/04/201504291303231430280203598.jpg,"서울특별시 서대문구 홍제천로 86-1, 3층 (연희동)",02-322-2050,관리처분인가~이전고시
11140-100002006,중구,신당동,재개발(주택정비형),조합,신당제9구역 주택재개발정비사업조합,신당동 432-1008,조합설립인가,운영,178,신당제9 주택재개발정비구역,중구 신당2동 432-1008번지,18651.0,54028.85,제2종일반주거지역(7층이하)   제3종일반주거지역,최고고도지구(7층28m이하)   일반미관지구,17672.0,375.0,,,,,604.0,공동주택 및 부대복리시설,34.47,161.53,28.0,7.0,6.0,315,167.0,148.0,,0,,,,,/servlet/image?url=images/assc/2024/05/202405131252021715572322549.jpg,/servlet/image?url=images/assc/2020/12/202012101006011607562361565.jpg,/servlet/image?url=images/assc/2020/12/202012101006031607562363822.jpg,"서울특별시 중구 다산로 41, 대명빌딩3층 (신당동)",02-2234-6660,정비구역지정~조합설립
11290-900000097,성북구,돈암동,재개발(주택정비형),조합,돈암6구역 주택재개발정비사업조합,돈암동 48-29,조합설립인가,운영,527,돈암제6 주택재개발정비구역,성북구 돈암동 48-29,43438.8,1649855329.78,도시지역 제3종일반주거지역,중심경관관리구역,35445.8,5375.0,2298.0,,,,320.0,공동주택,22.65,268.34,71.0,25.0,7.0,735,253.0,350.0,132.0,165,46.0,44.0,75.0,,/servlet/image/assc/2011/05/201105300958171306717097685.jpg,/servlet/image?url=images/assc/2025/07/202507231401401753246900710.jpg,/servlet/image?url=images/assc/2025/07/202507231401401753246900819.jpg,"서울특별시 성북구 동소문로20나길 47, 123호 (동선동1가)",02-924-2277,정비구역지정~조합설립
11170-900000101,용산구,보광동,재개발(주택정비형),조합,한남4재정비촉진구역 주택재개발정비사업 조합,보광동 360,조합설립인가,운영,1207,한남4재정비촉진구역주택재개발정비사업조합설립추진위원회,용산구 보광동 360-0,160258.0,535877.18,제1종일반주거지역제2종일반주거지역(7층)제3종일반주거지역준주거지역,미관지구,115341.0,29763.0,8128.0,0.0,6540.0,0.0,486.0,아파트/부대복리시설,30.89,226.98,73.0,22.0,7.0,1981,664.0,616.0,701.0,350,117.0,172.0,61.0,,/servlet/image?url=images/assc/2024/08/202408281151501724813510244.jpg,/servlet/image?url=images/assc/2024/08/202408281150281724813428410.jpg,/servlet/image?url=images/assc/2024/08/202408281303051724817785918.jpg,"서울특별시 용산구 녹사평대로32길 69, 2층, 4층 (이태원동)",02-797-3504,정비구역지정~조합설립
11230-100003013,동대문구,제기동,재개발(주택정비형),조합,제기제6구역주택재개발정비사업조합,제기동 120-104,관리처분인가,운영,198,제기제6주택재개발 정비구역,동대문구 제기동 120-104번지,24320.6,56302.97,제2종 일반주거지역,,17497.0,4006.1,2457.7,,359.8,,,아파트,24.97,239.81,49.0,19.0,2.0,312,98.0,162.0,52.0,65,28.0,28.0,9.0,,/servlet/image/assc/2011/07/201107080939531310085593033.jpg,/servlet/image?url=images/assc/2024/08/202408281037421724809062189.png,/servlet/image/assc/2022/05/202205201403221653023002454.jpg,"서울특별시 동대문구 왕산로 228, 5층 (전농동)",02-966-2006,사업시행인가~관리처분인가
11230-100006044,동대문구,이문동,재개발(주택정비형),조합,이문4재정비촉진구역 주택재개발정비사업조합,이문동 86-1,관리처분인가,운영,1470,이문4재정비촉진구역,동대문구 이문동 86-1,148977.2,505257.98,일반주거지역,재정비촉진지구,44544.0,20861.6,11311.8,0.0,0.0,9781.6,2589.0,공동주택 및 부대복리시설,35.0,317.0,122.0,40.0,5.0,2700,1652.0,679.0,369.0,928,657.0,219.0,52.0,,/servlet/image/assc/2011/03/201103211832291300699949329.jpg,/servlet/image/assc/2023/02/202302231720491677140449407.jpg,/servlet/image/assc/2023/02/202302231723331677140613062.jpg,"서울특별시 동대문구 망우로 34, 3층 (엘레베이터 4층) (휘경동)",02-2246-2595,사업시행인가~관리처분인가
11590-100001001,동작구,노량진동,재개발(주택정비형),조합,노량진1재정비촉진구역 조합,노량진동 278-2,사업시행인가,운영,1081,노량진1재정비촉진구역,동작구 노량진동278-4번지,132132.0,471972.52,제3종 일반 주거지역,재정비촉진지구,106125.0,10237.0,9000.0,,,,6770.0,공동주택 및 부대시설,25.88,265.67,110.0,33.0,4.0,2461,1322.0,1041.0,98.0,531,214.0,180.0,137.0,,/servlet/image/assc/2011/08/201108241232451314156765203.jpg,/servlet/image/assc/2023/04/202304181126291681784789680.jpg,/servlet/image/assc/2023/04/202304181128591681784939770.jpg,201호,02-823-5566,사업시행인가~관리처분인가
11290-100004001,성북구,성북동,재개발(주택정비형),조합,성북1구역 공공재개발 정비사업 주민대표회의,성북동 179-68,조합설립인가,운영,1192,성북제1구역주택재개발정비사업조합설립추지위원회,성북1동 179-68번지,127899.0,338500.8,"1종,2종일반주거지역",자연경관지구,106566.0,7516.0,4875.0,4659.0,4283.0,0.0,0.0,공동주택,27.0,221.04,,13.0,2.0,2044,551.0,1164.0,329.0,348,348.0,,,,/servlet/image/assc/2010/08/201008091418051281331085735.jpg,,/servlet/image/assc/2011/04/201104041353141301892794625.jpg,"서울특별시 성북구 성북로2길 31, 삼우빌딩 406호 (동소문동1가)",02-3673-4550,정비구역지정~조합설립
11230-900000913,동대문구,답십리동,재개발(주택정비형),조합,답십리제17구역 주택재개발정비사업,답십리동 12,준공인가,운영,155,답십리제17구역 주택재개발정비사업,동대문구 답십리동 12번지,13850.9,44577.97,제 2종 일반주거지역,,12307.6,869.3,674.0,,,,,아파트,27.18,243.11,62.0,21.0,2.0,268,150.0,118.0,,58,28.0,30.0,,,/servlet/image?url=images/assc/2022/05/202205021015321651454132877.png,/servlet/image/assc/2024/04/202404171443361713332616735.jpg,/servlet/image/assc/2024/04/202404171449181713332958556.jpg,"서울특별시 동대문구 한천로11길 6, 미주빌딩 402호 (답십리동)",02-2248-4739,관리처분인가~이전고시
11410-900001218,서대문구,연희동,재개발(주택정비형),추진위원회,연희2구역 공공재개발사업,연희동 721-6,조합설립추진위원회승인,운영,655,연희2구역 주택정비형 공공재개발사업,서대문구 연희동 721-6,49745.0,104476.84,제1종 제2종 일반주거지역,,44263.4,1054.2,4427.4,,,,,공동주택,21.19,238.34,75.0,27.0,2.0,844,311.0,445.0,88.0,223,34.0,,189.0,,/servlet/image?url=images/assc/2024/08/202408071650221723017022775.jpg,/servlet/image?url=images/assc/2024/08/202408071650221723017022878.jpg,/servlet/image?url=images/assc/2024/08/202408071650231723017023130.jpg,"서울특별시 서대문구 증가로 80, 301호 (연희동)",02-323-7216,정비구역지정~조합설립
11590-100002006,동작구,흑석동,재개발(주택정비형),조합,흑석3재정비촉진구역 주택재개발정비사업조합,흑석동 253-89,착공신고,운영,1042,흑석3재정비 촉진구역,흑석동253-89번지 외 808필지,103497.4,168683.95,제12종 일반주거지역,,77410.3,16179.4,9549.4,,4245.9,358.3,1283.0,공동주택,23.67,244.77,572.0,20.0,5.0,1130,542.0,552.0,36.0,338,156.0,136.0,46.0,,/servlet/image/assc/2015/05/201505061653511430898831499.png,/servlet/image/assc/2015/11/201511201151201447987880332.jpg,/servlet/image/assc/2015/11/201511201154251447988065625.jpg,"서울특별시 동작구 서달로 153, 흑석중앙상가 5층 (흑석동)",02-812-6737,관리처분인가~이전고시
11620-900000021,관악구,봉천동,재개발(주택정비형),조합,봉천제14구역 재개발정비사업조합,봉천동 1,사업시행인가,운영,668,봉천제14구역 재개발정비사업,봉천3동 4-51번지 일원,74264.5,148486.0, 제3종일반주거지역,,58782.2,9079.7,5134.1,,1268.5,,,공동주택 등,23.46,270.83,884.0,27.0,4.0,1311,643.0,560.0,108.0,260,95.0,85.0,80.0,1571세대,/servlet/image?url=images/assc/2019/12/201912061544301575614670280.jpg,/servlet/image?url=images/assc/2023/10/202310111418481697001528041.jpg,/servlet/image?url=images/assc/2025/07/202507211642501753083770866.jpg,2층,02-887-5510,사업시행인가~관리처분인가
11170-900001142,용산구,서계동,재개발(주택정비형),공공지원자,서계 통합구역 주택정비형재개발 사업(신속통합기획),서계동 33,정비구역지정,운영,1879,,,,,,,,,,,,,,,,,,,,0,,,,0,,,,,,,,,,정비구역지정~조합설립
11620-100003010,관악구,봉천동,재개발(주택정비형),조합,봉천4-1-3구역 주택재개발정비사업조합,봉천동 480,사업시행인가,운영,493,관악구 봉천동 4-1-3구역 주택재개발 정비사업,관악구 봉천동 480번지,79832.0,160576.78,제2종 일반주거지역(7층) 제3종 일반주거지역,,35303.1,948.8,,3999.8,,,985.0,공동주택 및 부대복리시설 등,27.36,259.53,83.0,28.0,3.0,694,314.0,274.0,106.0,161,46.0,81.0,34.0,,/servlet/image?url=images/assc/2023/06/202306071817101686129430858.png,/servlet/image?url=images/assc/2023/06/202306071817111686129431001.png,/servlet/image/assc/2024/08/202408051553501722840830573.jpg,성현빌딩 2층,02-871-4811,사업시행인가~관리처분인가
11440-900000735,마포구,도화동,재개발(주택정비형),조합,마포로1구역 제10지구 도시정비형 재개발사업 조합,도화동 536,사업시행인가,운영,162,마포로1구역 제10지구 도시정비형 재개발사업 ,마포구 도화동 536,3280.5,44403.7,일반상업지역,주상복합지구,3280.5,76.5,,,,,,비주거,51.36,869.84,23.0,23.0,7.0,100,,,100.0,0,,,,,/servlet/image?url=images/assc/2020/05/202005281658461590652726109.jpg,/servlet/image/assc/2025/04/202504221545311745304331902.jpg,/servlet/image/assc/2025/04/202504221546321745304392075.jpg,"서울특별시 마포구 독막로 331, 1107호 (도화동)",02-704-7110,사업시행인가~관리처분인가
11200-100002000,성동구,용답동,재개발(주택정비형),조합,용답동 주택재개발정비사업조합,용답동 108-1,일반분양승인,운영,627,용답동 주택재개발정비사업조합,성동구 용답동 108-1번지,73341.0,231651.08,제3종 일반주거지역,제3종 일반주거지역,53959.0,9173.0,17796.0,,,,,공동주택(아파트),11.6,249.86,,35.0,2.0,1033,,783.0,250.0,218,102.0,87.0,29.0,,/servlet/image/assc/2011/11/201111171546271321512387853.jpg,/servlet/image?url=images/assc/2022/06/202206281148331656384513892.png,/servlet/image/assc/2017/09/201709201753401505897620341.jpg,"서울특별시 성동구 용답중앙11길 12 (용답동,제일아카데미)",02-2217-0194,관리처분인가~이전고시
11590-100009000,동작구,대방동,재개발(주택정비형),조합,노량진8재정비촉진구역 조합,대방동 23-61,관리처분인가,운영,437,노량진8 재정비촉진구역 주택재개발정비사업조합,동작구 대방동 23-61번지,55832.9,154331.84,2종일반주거지역 2종일반주거(7층이하),-,42080.9,11514.0,0.0,0.0,1453.0,785.0,,공동주택,20.08,229.44,300.0,29.0,3.0,1007,497.0,462.0,48.0,172,80.0,70.0,22.0,0,/servlet/image/assc/2010/08/201008061651261281081086844.jpg,/servlet/image?url=images/assc/2025/05/202505141155231747191323962.jpg,/servlet/image?url=images/assc/2025/05/202505141155241747191324923.jpg,3층,02-823-1324,사업시행인가~관리처분인가
11620-100004002,관악구,신림동,재개발(주택정비형),조합,신림2재정비촉진구역 재개발정비사업조합,신림동 324-25,철거신고,운영,714,신림2재정비촉진구역 주택재개발정비사업조합 ,관악구 신림동 324-25번지 ,95797.5,138338.55,제2종주거일반지역 자연녹지지역,재정비촉진지구,58241.2,5434.8,22977.5,1105.7,397.5,,7978.9,공동주택,25.16,248.71,7955.0,28.0,7.0,1252,811.0,357.0,84.0,183,57.0,,126.0,,/servlet/image?url=images/assc/2024/06/202406120956571718153817897.jpg,/servlet/image/assc/2025/08/202508071527331754548053138.jpg,/servlet/image/assc/2025/08/202508071529011754548141472.jpg,"서울특별시 관악구 호암로 528, 4층 (신림동)",02-875-8061,관리처분인가~이전고시
11530-900000056,구로구,고척동,재개발(주택정비형),조합,고척제4구역 주택재개발정비사업조합,고척동 148,착공신고,운영,270,고척제4구역주택재개발조합,구로구 고척동 148번지,41675.0,130987.56,제3종일반주거지역 준공업지역,,33683.0,3697.0,4295.0,,,,,공동주택,20.87,269.89,80.0,25.0,3.0,786,350.0,392.0,44.0,161,78.0,66.0,17.0,,/servlet/image/assc/2011/11/201111171158561321498736622.jpg,/servlet/image/assc/2018/12/201812211640161545378016086.jpg,/servlet/image/assc/2018/12/201812211641111545378071533.jpg,4층,02-2066-9491,관리처분인가~이전고시
11290-100003002,성북구,안암동,재개발(주택정비형),조합,안암2구역 주택재개발 정비사업조합,안암동3가 132-17,착공신고,운영,133,안암제2구역주택재개발정비사업조합,성북구 안암동3가 132-17번지,11189.2,35024.9,도시지역,제2종일반주거지역,9985.9,488.3,715.0,,,,,,25.18,192.4,34.0,,,181,65.0,92.0,24.0,0,,,,,/servlet/image/assc/2011/03/201103101523291299738209653.jpg,/servlet/image/assc/2017/02/201702141541141487054474165.jpg,/servlet/image/assc/2017/02/201702141546321487054792647.jpg,203호,02-927-4333,관리처분인가~이전고시
11290-100016010,성북구,장위동,재개발(주택정비형),조합,장위10구역 주택재개발정비사업조합,장위동 68-37,관리처분인가,운영,650,장위10구역주택재개발정비사업,성북구 장위동 68-37,94245.0,286514.82,제2종일반주거지역,일반미관지구,733.69,7766.0,,10227.0,1109.0,874.0,900.0,공동주택 및 부대복리시설,19.04,264.22,94.0,23.0,3.0,1506,346.0,916.0,244.0,320,,,320.0,,/servlet/image?url=images/assc/2018/11/201811131100431542074443228.gif,/servlet/image/assc/2021/10/202110141139421634179182683.jpg,/servlet/image/assc/2021/10/202110141140461634179246346.jpg,장위뉴타워 10층 1001호,02-916-1233,사업시행인가~관리처분인가
11305-900000117,강북구,미아동,재개발(주택정비형),조합,미아3재정비촉진구역 주택재개발정비사업조합,미아동 439-,관리처분인가,운영,482,미아3재정비촉진구역 주택재개발정비사업조합,강북구 미아동 439번지 일대,57553.4,157885.93,제2종 제3종 일반주거지역,일반미관지구,42772.0,11433.4,3156.0,,,,192.0,아파트,25.1,229.06,9.0,29.0,3.0,858,471.0,384.0,3.0,179,68.0,77.0,34.0,,/servlet/image?url=images/assc/2016/11/201611071106241478484384395.jpg,/servlet/image?url=images/assc/2016/11/201611071106351478484395531.jpg,/servlet/image?url=images/assc/2021/05/202105061836351620293795236.jpg,"서울특별시 강북구 솔샘로68길 33, 대금빌딩 2층 (미아동)",02-984-9100,사업시행인가~관리처분인가
11290-100023000,성북구,정릉동,재개발(주택정비형),조합,길음5재정비촉진구역 주택재개발정비사업 조합,정릉동 175,조합설립인가,운영,290,길음5재정비촉진구역,성북구 정릉동 175번지,36333.9,118000.19,제3종 일반주거지역,재정비촉진지구,26782.1,5970.1,2046.7,900.0,364.0,,1535.0,공동주택(아파트),16.54,279.78,,30.0,6.0,660,261.0,348.0,51.0,158,42.0,49.0,67.0,,/servlet/image?url=images/assc/2021/12/202112291007081640740028554.jpg,/servlet/image/assc/2011/11/201111241610121322118612677.jpg,/servlet/image/assc/2011/11/201111241614251322118865294.jpg,"서울특별시 성북구 서경로 34, 2층 (정릉동)",02-911-2288,정비구역지정~조합설립
11290-100016005,성북구,장위동,재개발(주택정비형),조합,장위15구역 주택재개발정비사업조합,장위동 233-42,조합설립인가,운영,1593,장위15구역 주택재개발정비사업,장위동 233-42,189450.0,401598.28,제12종 일반주거지역(712층),,63237.0,21509.0,27802.0,4324.0,1950.0,7652.0,,공동주택 및 복리시설,60.0,236.0,100.0,33.0,,2464,572.0,963.0,929.0,420,179.0,193.0,48.0,,/servlet/image?url=images/assc/2020/04/202004141616351586848595875.jpg,/servlet/image/assc/2010/07/201007161128241279247304744.jpg,/servlet/image/assc/2010/07/201007161128241279247304854.jpg,"서울특별시 성북구 화랑로 262, 4층 (석관동)",02-915-9501,정비구역지정~조합설립
11350-900001304,노원구,상계동,재개발(주택정비형),공공지원자,상계3재정비촉진구역 공공재개발정비사업,상계동 71-183,정비구역지정,운영,0,,,,,,,,,,,,,,,,,,,,0,,,,0,,,,,,,,"서울특별시 노원구 덕릉로126길 30, 4층 (상계동)",02-932-5101,정비구역지정~조합설립
11545-900001313,금천구,시흥동,재개발(주택정비형),조합,독산시흥구역,시흥동 871,조합설립인가,운영,0,독산시흥구역 주택정비형 재개발사업,금천구 시흥동 871-0,88326.3,302331.3,제1종일반주거지역 제2종일반주거지역(7층이하) 제3종일반주거지역,,63928.7,15278.8,6220.0,0.0,598.8,0.0,2300.0,공동주택 및 부대복리시설,20.03,299.96,0.0,3.0,45.0,1730,927.0,725.0,78.0,342,100.0,160.0,82.0,,/servlet/image?url=images/assc/2025/08/202508270748101756248490370.png,/servlet/image?url=images/assc/2025/08/202508270748101756248490489.png,/servlet/image?url=images/assc/2025/08/202508270748101756248490577.png,"서울특별시 강남구 테헤란로 518, 7층 (대치동)",02-6420-1800,정비구역지정~조합설립
11230-100006042,동대문구,이문동,재개발(주택정비형),조합,이문3재정비촉진구역 주택재개발정비사업조합,이문동 149-8,일반분양승인,운영,1571,이문3재정비촉진구역,동대문구 이문동 149-8,137372.0,669722.26,준주거지역,중심지미관지구,120457.0,19649.0,12967.0,0.0,0.0,0.0,1710.0,공동주택판매및오피스텔,26.21,357.18,143.0,41.0,6.0,4140,2106.0,1312.0,722.0,1308,349.0,222.0,737.0,,/servlet/image/assc/2011/07/201107191645281311061528605.jpg,/servlet/image/assc/2021/01/202101051003391609808619003.jpg,/servlet/image?url=images/assc/2023/01/202301171426551673933215886.png,3층,02-969-5192,관리처분인가~이전고시
11710-900000144,송파구,마천동,재개발(주택정비형),조합,마천3재정비촉진구역 주택재개발정비사업조합,마천동 283-,조합설립인가,운영,1601,마천3재정비촉진구역,마천동 283,13493.02,411564.83,도시지역 제2종일반주거지역,재정비촉진지구 과밀억제권역 등,90211.2,20056.0,12849.7,0.0,0.0,0.0,1181.33,공동주택 및 근린생활시설 등,22.71,267.85,119.0,25.0,5.0,1969,582.0,1229.0,158.0,395,152.0,158.0,85.0,,/servlet/image/assc/2011/02/201102251350321298609432468.bmp,/servlet/image?url=images/assc/2024/05/202405091541031715236863217.jpg,/servlet/image?url=images/assc/2024/05/202405091541041715236864083.jpg,4층,02-408-1497,정비구역지정~조합설립
11470-100001014,양천구,신월동,재개발(주택정비형),조합,신정1재정비촉진구역1지구 주택재개발정비사업 조합,신월동 551-10,준공인가,운영,1761,신월신정뉴타운제1구역1지구 주택재개발정비사업조합,신월6동 551 번지일대,174801.0,408078.23,제2종일반주거지역 ,재정비촉진지구,111940.6,24547.6,12573.2,,4934.7,12854.1,7949.12,공동주택/부대복리시설,22.06,236.35,65.0,,,2417,730.0,1393.0,294.0,415,178.0,167.0,70.0,,/servlet/image/assc/2010/07/201007081451141278568274810.jpg,/servlet/image/assc/2015/05/201505200946291432082789918.jpg,/servlet/image/assc/2015/05/201505200953431432083223460.jpg,국민은행 3층,02-2606-3880,관리처분인가~이전고시
11230-100003011,동대문구,제기동,재개발(주택정비형),조합,제기제4구역 주택재개발정비사업조합,제기동 288,철거신고,운영,380,제기제4구역 주택재개발정비사업,동대문구 제기동 288번지,33485.7,117027.93,제2종일반주거지역 특별건축구역,,3348.57,356.97,,,,,,공동주택,29.88,249.96,,25.0,2.0,753,625.0,128.0,,156,59.0,81.0,16.0,,/servlet/image/assc/2015/07/201507171539311437115171567.jpg,/servlet/image/assc/2019/03/201903081434001552023240528.jpg,/servlet/image/assc/2019/03/201903081435101552023310172.jpg,2층,02-966-9000,관리처분인가~이전고시
11290-100014002,성북구,길음동,재개발(주택정비형),조합,길음역세권재정비촉진구역 주택재개발정비사업조합,길음동 542-1,일반분양승인,운영,180,길음역세권재정비촉진구역 주택재개발정비사업조합,성북구 길음동 542-1번지,13449.0,75303.87,준주거지역 제3종일반주거지역,중심미관지구,13449.0,1850.0,1280.0,,,,,공동주택 및 판매/교육연구,52.61,399.59,110.0,35.0,5.0,276,72.0,97.0,107.0,63,24.0,24.0,15.0,,/servlet/image/assc/2011/11/201111221057091321927029607.jpg,/servlet/image?url=images/assc/2017/05/201705171137411494988661051.jpg,/servlet/image?url=images/assc/2017/05/201705171145321494989132983.png,"서울특별시 성북구 동소문로 248 (길음동,돈암2-1 삼부아파트)",02-911-5130,관리처분인가~이전고시
11170-900000099,용산구,보광동,재개발(주택정비형),조합,한남2재정비촉진구역 주택재개발정비사업 조합,보광동 272-3,관리처분인가,운영,929,한남 제2재정비촉진구역,용산구 보광동 272-3,114580.6,161889.03,도시지역 제2종일반주거지역(7층이하),재정비촉진지구,83758.9,19008.8,3192.6,2801.0,5819.3,0.0,0.0,공동주택 및 부대복리시설 근리생활시설,32.14,195.42,45.0,14.0,6.0,1299,424.0,629.0,246.0,238,97.0,137.0,4.0,,/servlet/image?url=images/assc/2022/05/202205191408581652936938079.jpg,/servlet/image/assc/2022/05/202205191343421652935422898.jpg,/servlet/image/assc/2022/05/202205191346201652935580854.jpg,"서울특별시 용산구 녹사평대로26길 83, 3, 4층 (이태원동)",02-797-6588,사업시행인가~관리처분인가
11290-900000106,성북구,정릉동,재개발(주택정비형),조합,정릉골구역 주택재개발정비사업조합,정릉동 757,관리처분인가,운영,636,정릉3동 주택재개발 ,성북구 정릉동 757번지,203965.0,252884.0,제1종일반주거지역 제1종지구단위계획구역,자연경관지구,162151.0,19285.0,1810.0,13056.0,0.0,0.0,7663.0,공동주택,41.12,109.13,20.0,4.0,2.0,1417,,1156.0,261.0,0,,,,,/servlet/image?url=images/assc/2021/10/202110221520431634883643919.jpg,/servlet/image?url=images/assc/2022/01/202201071703301641542610179.jpg,/servlet/image?url=images/assc/2022/01/202201071703301641542610471.jpg,서울특별시 성북구 보국문로18길 1 (정릉동),02-910-8805,사업시행인가~관리처분인가
11290-100016009,성북구,장위동,재개발(주택정비형),조합,장위 4구역 주택재개발정비사업조합,장위동 289,착공신고,운영,1172,장위4구역 주택재개발정비사업조합,성북구 장위동 62-1번지,153501.0,428982.0,제2종일반주거지역,일반미관지구,105997.0,29254.0,5021.0,5500.0,2251.0,0.0,2399.0,공동주택,23.15,263.36,,32.0,3.0,2356,825.0,1438.0,93.0,484,194.0,200.0,90.0,,/servlet/image?url=images/assc/2021/10/202110291701371635494497015.jpg,/servlet/image/assc/2015/01/201501231731381422001898696.jpg,/servlet/image?url=images/assc/2021/10/202110221444091634881449168.png,우성빌딩 4층,02-909-3161,관리처분인가~이전고시
11290-100016014,성북구,장위동,재개발(주택정비형),조합,장위제6구역 주택재개발정비사업조합,장위동 25-55,착공신고,운영,786,장위제6구역주택재개발정비사업조합설립추진위원회,성북구 장위동 25-55,105163.9,250368.9,도시. 주거지역,제1.2.3종 일반주거지역,61422.6,16629.3,22782.0,2565.3,1764.7,,,공동주택(아파트) 및 복리시설,19.28,264.48,93.0,33.0,3.0,1352,473.0,818.0,61.0,285,129.0,126.0,30.0,,/servlet/image/assc/2014/11/201411071121551415326915616.jpg,/servlet/image/assc/2023/09/202309111602571694415777512.png,/servlet/image/assc/2023/09/202309111608321694416112577.jpg,3층,02-911-7520,관리처분인가~이전고시
11350-100002017,노원구,상계동,재개발(주택정비형),조합,상계5재정비촉진구역 주택재개발정비사업 조합,상계동 109-43,조합설립인가,운영,801,상계5재정비촉진구역,노원구 상계동 109-43번지,115964.1,151420.87,제23종일반주거지역 준주거지역,,49506.0,24934.9,15745.9,,8559.0,,266.2,공동주택,24.82,261.0,,33.0,3.0,1250,213.0,727.0,310.0,213,105.0,86.0,22.0,,/servlet/image/assc/2010/07/201007081255481278561348267.jpg,/servlet/image/assc/2011/04/201104071409551302152995525.jpg,/servlet/image/assc/2011/04/201104071409581302152998580.jpg,"서울특별시 노원구 덕릉로 816, 2층 (상계동)",02-937-0016,정비구역지정~조합설립
11590-900001319,동작구,상도동,재개발(주택정비형),조합,상도15구역 주택정비형 재개발사업,상도동 279,조합설립인가,운영,2108,상도15구역 주택정비형 재개발사업,동작구 상도동 279-0,141286.8,473303.17,제2종일반주거지역,,,8205.7,10351.3,,,,2848.8,공동주택,20.21,249.98,,35.0,4.0,2704,1123.0,1361.0,220.0,500,192.0,,308.0,,/servlet/image?url=images/assc/2025/06/202506301002251751245345495.jpg,,,서울특별시 중구 삼일대로 343 (저동1가),02-6362-1152,정비구역지정~조합설립
11290-100009003,성북구,동소문동,재개발(주택정비형),조합,동소문제2구역 주택재개발정비사업조합,동소문동2가  33,조합설립인가,운영,239,동소문제2구역 주택재개발정비사업,동소문동2가 33번지 외 248필지,20657.3,80797.63,준주거지역 일반상업지역,,15319.8,4247.3,860.0,,230.2,,,공동주택및 부대복리시설 판매시설,37.0,337.0,100.0,29.0,3.0,421,195.0,184.0,42.0,73,30.0,35.0,8.0,,/servlet/image/assc/2010/08/201008241036481282613808662.bmp,/servlet/image?url=images/assc/2023/10/202310191013301697678010092.jpg,/servlet/image/assc/2011/12/201112191316591324268219707.jpg,3층 303호,02-764-3511,정비구역지정~조합설립
11440-100004008,마포구,공덕동,재개발(주택정비형),조합,공덕6구역 주택재개발 정비사업,공덕동 119,사업시행인가,운영,66,공덕 제6주택재개발정비구역,마포구 공덕동 119번지,11301.4,26569.94,제2종일반주거지역,,10830.4,471.0,,,,,,공동주택 및 부대복리시설,24.88,234.17,,20.0,3.0,155,90.0,65.0,,11,,6.0,5.0,,/servlet/image?url=images/assc/2018/07/201807021155131530500113684.jpg,/servlet/image?url=images/assc/2024/05/202405141859221715680762581.jpg,/servlet/image?url=images/assc/2024/05/202405141859241715680764200.jpg,"서울특별시 마포구 마포대로14길 16, 2층 (공덕동)",02-711-6173,사업시행인가~관리처분인가
11410-900000078,서대문구,북가좌동,재개발(주택정비형),조합,가재울뉴타운7구역주택재개발정비사업조합,북가좌동 73-1,조합설립인가,운영,704,가재울7재정비촉진구역 주택재개발정비사업조합,서대문구 북가좌2동 73-1번지,79696.0,237137.06,제2종 일반주거지역,재정비촉진지구,57799.0,6767.0,5549.0,1043.0,0.0,7438.0,1100.0,공동주택 및 부대복리시설,20.52,254.91,736.0,29.0,3.0,1350,405.0,631.0,314.0,224,108.0,95.0,21.0,임대224세대,/servlet/image?url=images/assc/2017/09/201709261320071506399607586.jpg,/servlet/image?url=images/assc/2022/08/202208171540571660718457773.png,/servlet/image?url=images/assc/2023/04/202304190855521681862152328.jpg,"서울특별시 서대문구 응암로 87, 삼진빌딩 4층 (북가좌동)",02-303-6737,정비구역지정~조합설립
11320-100003000,도봉구,도봉동,재개발(주택정비형),조합,도봉제2구역 주택재개발정비사업조합,도봉동 95,착공신고,운영,120,도봉제2주택재개발구역,도봉구 도봉동 95,13436.3,50282.19,제3종일반주거지역,정비구역,12081.5,667.4,687.4,,,,,공동주택,35.06,262.6,54.0,18.0,2.0,239,30.0,209.0,,60,33.0,27.0,,,/servlet/image/assc/2010/11/201011121201181289530878588.jpg,/servlet/image?url=images/assc/2024/06/202406131147491718246869568.jpg,/servlet/image?url=images/assc/2024/06/202406131147521718246872422.jpg,"서울특별시 도봉구 마들로 728-7, 삼성빌딩 302호 (도봉동)",02-954-6116,관리처분인가~이전고시
11380-100001064,은평구,수색동,재개발(주택정비형),조합,수색6재정비촉진구역 주택재개발 정비사업조합,수색동 115-5,일반분양승인,운영,539,수색6재정비촉진구역주택재개발정비사업조합,은평구 수색동 115-5번지 일대,66062.0,179097.07,,,43809.0,15311.0,1502.0,2579.0,,456.0,,공동주택(아파트)및 부대복리시설,22.59,267.79,84.0,30.0,3.0,1015,315.0,700.0,,208,88.0,97.0,23.0,,/servlet/image/assc/2010/10/201010220945471287708347726.jpg,/servlet/image/assc/2014/07/201407141742281405327348248.jpg,/servlet/image/assc/2014/07/201407141742291405327349814.jpg,2층,02-375-8901,관리처분인가~이전고시
11590-100005002,동작구,노량진동,재개발(주택정비형),조합,노량진5재정비촉진구역 조합,노량진동 270-3,관리처분인가,운영,409,노량진5 재정비촉진구역 주택재개발정비사업조합,노량진동 270-3,38017.0,118672.22,제1종3종 일반주거지역,,29584.5,6968.5,1464.0,,,,,공동주택 및 부대복리시설,18.57,270.63,90.0,28.0,5.0,515,80.0,250.0,185.0,108,45.0,48.0,15.0,,/servlet/image?url=images/assc/2021/01/202101271136521611715012830.png,/servlet/image/assc/2021/03/202103251803151616662995529.jpg,/servlet/image/assc/2021/03/202103251801421616662902063.jpg,서울특별시 동작구 노량진로6길 34  (노량진동),02-822-3304,사업시행인가~관리처분인가
11590-100005001,동작구,노량진동,재개발(주택정비형),조합,노량진6재정비촉진구역 조합,노량진동 294-220,철거신고,운영,812,노량진6재정비촉진구역,동작구 노량진동 294-220번지,73892.0,197896.86,제3종 일반 주거지역,일반미관지구,49352.0,7719.0,7536.0,,9285.0,,,아파트 및 부대복리시설,17.37,255.63,8675.0,28.0,4.0,1040,341.0,601.0,98.0,243,103.0,104.0,36.0,,/servlet/image/assc/2010/08/201008062226341281101194923.jpg,/servlet/image/assc/2019/06/201906031138531559529533984.jpg,/servlet/image/assc/2019/06/201906031141041559529664112.jpg,"서울특별시 동작구 상도로15길 143, 205호 (상도동)",02-813-0705,관리처분인가~이전고시
11590-100005005,동작구,노량진동,재개발(주택정비형),조합,노량진2재정비촉진구역 조합,노량진동 312-75,철거신고,운영,146,노량진2재정비촉진구역,동작구 노량진동 312-75번지,16213.0,83746.91,준주거지역,재정비촉진지구,12111.0,4102.0,,,,,,공동주택판매시설 커뮤니트 지원시설,49.88,408.56,155.0,45.0,4.0,299,79.0,179.0,41.0,105,,,105.0,,/servlet/image/assc/2010/04/201004081323101270700590505.jpg,/servlet/image?url=images/assc/2025/05/202505231414131747977253037.jpg,/servlet/image?url=images/assc/2025/05/202505261342151748234535664.jpg,3층,02-812-5113,관리처분인가~이전고시
11380-100001059,은평구,수색동,재개발(주택정비형),조합,수색7재정비촉진구역 주택재개발정비사업조합,수색동 189,일반분양승인,운영,234,수색7재정비촉진구역 주택재개발정비사업조합,은평구 수색동 189,31793.6,100411.08,제2종일반주거지역(7층),제2종일반주거지역,25362.0,5357.6,270.0,758.0,,46.0,,공동주택(아파트),22.31,249.0,63.0,22.0,3.0,537,180.0,357.0,,112,45.0,45.0,22.0,,/servlet/image/assc/2011/12/201112151243161323920596825.jpg,/servlet/image/assc/2015/05/201505221552431432277563497.jpg,/servlet/image/assc/2015/05/201505221554561432277696104.jpg,중앙메디칼빌딩 4층 402호,02-303-1794,관리처분인가~이전고시
11230-100009003,동대문구,전농동,재개발(주택정비형),조합,전농제9구역 공공재개발정비사업 주민대표회의,전농동 103-236,조합설립인가,운영,717,전농제9구역 공공재개발정비사업 주민대표회의,전농동 103-236번지 외,49061.0,170220.15,제3종일반주거지역 ,정비구역기타(주택재개발 정비예정구역)<도시 및 주거환경정비법> 과밀억제권역<수도권정비계획법>,36229.0,7732.0,3600.0,,,,1500.0,공동주택 세대 및 (1159 )  부대복리시설 공공청사,18.18,299.68,175.0,35.0,3.0,920,503.0,355.0,62.0,239,96.0,29.0,114.0,향후 건축심의 및 사업시행인가에 따라 확정예정,/servlet/image?url=images/assc/2024/11/202411011058021730426282324.png,/servlet/image?url=images/assc/2024/11/202411011058021730426282977.png,/servlet/image?url=images/assc/2023/04/202304121330501681273850565.jpg,"서울특별시 동대문구 전농로 227, 2층 전농9구역추진위원회사무실 (전농동)",02-2212-7729,정비구역지정~조합설립
11545-900001269,금천구,시흥동,재개발(주택정비형),공공지원자,시흥1구역,시흥동 810,정비구역지정,운영,0,,,,,,,,,,,,,,,,,,,,0,,,,0,,,,,,,,,,정비구역지정~조합설립
11710-900000539,송파구,마천동,재개발(주택정비형),조합,마천4재정비촉진구역 주택재개발정비사업조합,마천동 323-,관리처분인가,운영,706,마천4 재정비촉진구역 주택재개발정비사업조합설립(변경)인가서,마천동 323번지 일대,60080.8,216698.43,1종일반주거 2종(7층) 제3종 일반주거지역,주거지역,60080.8,9740.8,,1501.2,1407.1,0.0,2078.8,아파트,21.23,298.6,101.0,33.0,3.0,1065,452.0,581.0,32.0,307,104.0,142.0,61.0,,/servlet/image?url=images/assc/2020/09/202009150951091600131069712.jpg,/servlet/image/assc/2021/09/202109301504151632981855376.jpg,/servlet/image/assc/2021/09/202109301458441632981524412.jpg,"서울특별시 송파구 성내천로 317, 2층 (마천동)",02-403-0066,사업시행인가~관리처분인가
11590-900000557,동작구,흑석동,재개발(주택정비형),조합,흑석11재정비촉진구역 주택재개발정비사업조합,흑석동 304,철거신고,운영,695,흑석11 재정비촉진구역 주택재개발정비사업,동작구 흑석동 304번지,89332.5,144439.98,제1종일반주거지역 제2종일반주거지역(7층) 제3종일반주거지역,중심지 미관지구,70771.7,390.39,5336.1,1557.6,3048.5,,2933.9,공동주택,23.59,204.09,51.0,16.0,6.0,1249,530.0,659.0,60.0,266,141.0,92.0,33.0,,/servlet/image/assc/2014/04/201404081515001396937700503.bmp,/servlet/image/assc/2020/04/202004011450451585720245246.jpg,/servlet/image/assc/2020/04/202004011446581585720018416.jpg,2층,02-3280-9557,관리처분인가~이전고시
11560-900000711,영등포구,신길동,재개발(주택정비형),조합,신길역세권 재개발정비사업조합,신길동 39-3,조합설립인가,운영,384,신길역세권 공공임대주택 건립관련 재개발사업,영등포구 신길동 39-3,29080.03,141731.96,제2종일반주거지역준주거지역일반상업지역,한강로지구,21051.5,2418.8,1263.7,,,,755.5,공동주택판매시설등,51.97,454.72,115.0,,,571,240.0,331.0,,428,,232.0,196.0,,/servlet/image?url=images/assc/2025/06/202506021655021748850902347.jpg,/servlet/image?url=images/assc/2022/05/202205191047421652924862326.jpg,/servlet/image?url=images/assc/2022/05/202205191047441652924864339.jpg,3층,02-844-5666,정비구역지정~조합설립
11260-900001189,중랑구,면목동,재개발(주택정비형),조합,면목7구역 주택정비형 재개발사업,면목동 69-14,조합설립인가,운영,646,면목7구역 주택정비형 재개발사업,중랑구 면목동 69-14,58400.9,238433.17,제2종일반주거지역(7층이하) 제2종일반주거지역 제3종일반주거지역,해당사항 없음,50710.4,1960.5,4400.0,0.0,1330.0,0.0,0.0,공동주택(아파트) 및 부대복리시설,24.15,299.87,,35.0,3.0,1068,482.0,420.0,166.0,379,73.0,,306.0,,/servlet/image?url=images/assc/2024/06/202406031715591717402559066.jpg,/servlet/image?url=images/assc/2024/08/202408091356091723179369317.jpg,/servlet/image?url=images/assc/2024/08/202408091356091723179369382.jpg,"서울특별시 중랑구 용마산로89길 27, 2층 (면목동)",02-433-0222,정비구역지정~조합설립
11230-900001190,동대문구,휘경동,재개발(주택정비형),추진위원회,휘경제5 주택정비형 재개발구역,휘경동 43-188,조합설립추진위원회승인,운영,472,휘경제5 주택정비형 재개발구역,동대문구 휘경동 43-188,49397.0,107428.48,제1종일반주거지역 제2종일반주거지(7층 이하),최고고도지구 고도지구,49397.0,1635.0,1200.0,0.0,0.0,2200.0,4914.0,공동주택,29.64,152.62,,7.0,2.0,589,358.0,217.0,14.0,45,12.0,33.0,,,/servlet/image?url=images/assc/2024/08/202408271742101724748130961.png,/servlet/image?url=images/assc/2024/06/202406180954331718672073360.jpg,/servlet/image?url=images/assc/2024/06/202406180954331718672073677.jpg,"서울특별시 동대문구 한천로 264, 101호 (휘경동)",02-3394-7668,정비구역지정~조합설립
11710-900000742,송파구,마천동,재개발(주택정비형),조합,마천1재정비촉진구역 주택재개발정비사업조합,마천동 194-1,조합설립인가,운영,1726,마천1재정비촉진구역 주택재개발정비사업,송파구 마천동 194-1,148498.0,2964338.23,제1종일반주거지역제2종(7층)일반주거지역제2종일반주거지역,3-1(제1종 일반주거)/3-23-3(제2종 일반주거),109590.5,24924.5,8952.0,,1991.0,,3040.0,공동주택/부대복리시설,25.61,217.59,100.0,25.0,3.0,2018,923.0,851.0,244.0,395,296.0,99.0,,,/servlet/image?url=images/assc/2020/12/202012011725311606811131927.bmp,/servlet/image?url=images/assc/2022/06/202206171740311655455231529.jpg,/servlet/image?url=images/assc/2022/06/202206171740311655455231681.jpg,"서울특별시 송파구 마천로51길 28, 2층 (마천동)",02-401-7002,정비구역지정~조합설립
11740-900000983,강동구,천호동,재개발(주택정비형),조합,천호동 397-419번지 일대 주택정비형재개발사업조합,천호동 397-419,조합설립인가,운영,216,천호동 397-419번지 일대 주택정비형 재개발구역,강동구 천호동 397-419,1929.23,66889.83,제2종일반주거지역,해당없,1925.6,3.63,,,,,,공동주택 및 부대복리시설,24.72,215.39,72.0,23.0,3.0,324,124.0,192.0,8.0,58,20.0,10.0,28.0,설계업체 및 도시계획업체 선정 시 추가 기재토록 함,/servlet/image?url=images/assc/2023/04/202304031549111680504551462.png,,,"서울특별시 강동구 진황도로27길 29, 2층 (천호동)",02-488-1771,정비구역지정~조합설립
11410-900001120,서대문구,홍은동,재개발(주택정비형),공공지원자,홍은15구역 주택정비형 재개발사업,홍은동 8-400,정비구역지정,운영,714,,,,,,,,,,,,,,,,,,,,0,,,,0,,,,,,,,,,정비구역지정~조합설립
11140-900000981,중구,중림동,재개발(주택정비형),조합,중림동 398번지 일대 재개발정비사업조합,중림동 398,조합설립인가,운영,420,중림동 398 정비계획 수립(추정분담금),중구 중림동 398-0,28315.5,125468.85,제2종일반주거지역(7층 이하) 제3종일반주거지역,,23650.5,4665.0,,,,,719.3,주거,25.85,299.73,75.0,25.0,5.0,600,349.0,251.0,,191,39.0,,152.0,,/servlet/image?url=images/assc/2024/05/202405131409201715576960128.png,/servlet/image?url=images/assc/2024/05/202405132034271715600067184.jpg,/servlet/image?url=images/assc/2024/05/202405131409201715576960222.png,"서울특별시 중구 손기정로1길 36, １층 (중림동)",02-6958-5199,정비구역지정~조합설립
11545-900001163,금천구,시흥동,재개발(주택정비형),추진위원회,(테스트) 추정분담금 산정 테스트 2,시흥동 871,조합설립추진위원회승인,운영,880,,,,,,,,,,,,,,,,,,,,0,,,,0,,,,,,,,,,정비구역지정~조합설립
11560-900001056,영등포구,대림동,재개발(주택정비형),공공지원자,대림1구역 신속통합기획,대림동 855-1,정비구역지정,운영,314,,,,,,,,,,,,,,,,,,,,0,,,,0,,,,,,,,,,정비구역지정~조합설립
11740-900001027,강동구,천호동,재개발(주택정비형),공공지원자,천호동 461-31번지 일대 재개발정비사업(천호 A1-2),천호동 461-31,정비구역지정,운영,248,천호동 461-31번지 일대 재개발정비사업(천호 A1-2),강동구 천호동 461-31,30699.64,122951.92,제3종일반주거지역,,26598.79,4100.85,,,,,,공동주택 및 부대복리시설,36.21,299.99,125.0,40.0,2.0,645,241.0,320.0,84.0,136,110.0,,26.0,,/servlet/image?url=images/assc/2025/03/202503131156301741834590117.png,/servlet/image?url=images/assc/2025/03/202503130931001741825860034.jpg,/servlet/image?url=images/assc/2025/01/202501091523071736403787151.jpg,"서울특별시 강동구 천호대로151길 35, 2층 (천호동)",02-484-1473,정비구역지정~조합설립
11470-900001108,양천구,신월동,재개발(주택정비형),조합,신월7동 1구역 주택재개발정비사업,신월동 913,조합설립인가,운영,2173,신월7동 1구역 재개발정비사업,양천구 신정동 913번지,130483.7,371661.0,제1종 제2종 제3종 일반주거지역,,95512.6,9364.4,20457.4,,3572.3,,1577.0,공동주택 및 부대복리시설,33.06,253.33,66.0,14.0,2.0,2309,1874.0,435.0,,581,209.0,293.0,79.0,,/servlet/image?url=images/assc/2025/06/202506191712041750320724103.jpg,/servlet/image?url=images/assc/2025/06/202506191712041750320724272.jpg,/servlet/image?url=images/assc/2025/06/202506191712081750320728728.jpg,"서울특별시 양천구 남부순환로66길 17, 2층 (신월동)",02-3450-2641,정비구역지정~조합설립
11230-900000997,동대문구,휘경동,재개발(주택정비형),추진위원회,동성빌라일대 주택재개발정비사업 추정분담금 검토위,휘경동 43,조합설립추진위원회승인,운영,0,,,,,,,,,,,,,,,,,,,,0,,,,0,,,,,,,,,,정비구역지정~조합설립
11260-900001173,중랑구,중화동,재개발(주택정비형),조합,중화5구역 공공재개발정비사업,중화동 122,조합설립인가,운영,833,중화5구역 주택정비형 공공재개발사업,중랑구 중화동 122-0,71465.9,2508917.68,제2종일반주거지역,제2종일반주거지역(7층이하),55322.0,10309.9,4830.0,,,,1004.0,공동주택 및 부대복리시설,22.07,290.11,105.0,35.0,2.0,1196,527.0,627.0,42.0,414,81.0,35.0,298.0,,/servlet/image?url=images/assc/2024/01/202401261505271706249127356.jpg,/servlet/image?url=images/assc/2024/01/202401261505271706249127517.jpg,/servlet/image?url=images/assc/2024/01/202401261506461706249206337.png,"서울특별시 중랑구 봉화산로 99, 2층(중화5 주민대표회의 사무실) (중화동)",02-433-5418,정비구역지정~조합설립
11350-900001017,노원구,상계동,재개발(주택정비형),공공지원자,상계5동 신속통합기획 주택재개발사업(추정분담금테스트),상계동 154-3,정비구역지정,운영,0,,,,,,,,,,,,,,,,,,,,0,,,,0,,,,,,,,,,정비구역지정~조합설립
11290-900001226,성북구,장위동,재개발(주택정비형),조합,장위8구역 공공재개발정비사업,장위동 85,조합설립인가,운영,1277,장위8구역 공공재개발정비사업,성북구 장위동 85-0,121634.0,431333.8,제1종 제2종(7층이하) 제2종일반주거지역,,96859.0,13787.0,9148.0,,,,1840.0,공동주택 및 부대복리시설,26.24,299.83,120.0,38.0,3.0,2062,1052.0,940.0,70.0,784,144.0,,640.0,,/servlet/image?url=images/assc/2024/08/202408231447151724392035739.png,/servlet/image?url=images/assc/2024/08/202408231510271724393427888.png,/servlet/image?url=images/assc/2024/08/202408231510281724393428038.png,"서울특별시 성북구 돌곶이로 140, 2층 (장위동)",02-942-8808,정비구역지정~조합설립
11545-900000999,금천구,시흥동,재개발(주택정비형),추진위원회,(테스트)추정분담금 산정 테스트,시흥동 810,조합설립추진위원회승인,운영,535,,,,,,,,,,,,,,,,,,,,0,,,,0,,,,,,,,,,정비구역지정~조합설립
11620-900001081,관악구,신림동,재개발(주택정비형),공공지원자,신림7구역 재개발정비사업,신림동 675,정비구역지정,운영,0,,,,,,,,,,,,,,,,,,,,0,,,,0,,,,,,,,,,정비구역지정~조합설립
11710-900001138,송파구,거여동,재개발(주택정비형),조합,거여새마을구역(LH),거여동 549,조합설립인가,운영,740,거여새마을구역 공공재개발정비사업,송파구 거여동 549-0,71922.4,157508.74,제1종2종(7층)2종 3종일반주거지역 자연녹지지역,,57562.2,5143.7,5500.8,,,,3715.7,공동주택,33.36,282.0,132.0,35.0,2.0,1186,647.0,419.0,120.0,468,83.0,91.0,294.0,,/servlet/image?url=images/assc/2023/11/202311071020241699320024604.png,/servlet/image?url=images/assc/2023/11/202311071107491699322869141.png,/servlet/image?url=images/assc/2023/11/202311071020251699320025619.png,"서울특별시 송파구 오금로 526, 2층 (거여동)",02-400-4240,정비구역지정~조합설립
11545-900001223,금천구,가산동,재개발(주택정비형),조합,남산골테스트용,가산동 12-31,사업시행인가,운영,0,남산골테스트용,금천구 가산동 12-31,150000.0,,,,,,,,,,,,,,,,,0,,,,0,,,,,/servlet/image?url=images/assc/2024/08/202408291657261724918246999.odt,/servlet/image/assc/2024/09/202409041601541725433314071.png,/servlet/image/assc/2024/09/202409041603301725433410068.png,"서울특별시 중랑구 용마산로94길 94, 4 (면목동)",02-2126-4674,사업시행인가~관리처분인가
11380-900001024,은평구,불광동,재개발(주택정비형),공공지원자,불광8 주택정비형 재개발사업,불광동 600,정비구역지정,운영,0,,,,,,,,,,,,,,,,,,,,0,,,,0,,,,,,,,,,정비구역지정~조합설립
11545-900001237,금천구,가산동,재개발(주택정비형),공공지원자,추진주체구성전테스트용,가산동 12-31,정비구역지정,운영,0,,,,,,,,,,,,,,,,,,,,0,,,,0,,,,,,,,,02-2133-7281,정비구역지정~조합설립
11710-900001101,송파구,마천동,재개발(주택정비형),추진위원회,마천5구역,마천동 45-,조합설립추진위원회승인,운영,1164,마천5구역 재개발정비사업,송파구 마천동 45,106514.4,,제123종 일반주거지역,,82629.4,3270.7,7214.3,,10638.4,,,아파트,,237.15,130.0,39.0,2.0,2041,666.0,1145.0,230.0,408,80.0,,328.0,,/servlet/image?url=images/assc/2025/07/202507300920061753834806197.jpg,/servlet/image?url=images/assc/2025/05/202505091701211746777681139.jpg,/servlet/image?url=images/assc/2025/05/202505091719171746778757179.jpg,"서울특별시 송파구 성내천로 216, 2층 (마천동)",02-403-6900,정비구역지정~조합설립
11110-900001275,종로구,창신동,재개발(주택정비형),공공지원자,창신동 23일대 주택정비형 재개발구역,창신동 23-2,정비구역지정,운영,335,창신동 23일대 주택정비형 재개발사업,종로구 창신동 23-2,64822.4,165994.04,제1종 일반주거지역 / 제2종 일반주거지역(7층 이하) / 제2종 일반주거지역 / 제3종 일반주거지역,해당없음,47244.8,7535.7,10041.9,,,,,공동주택 및 부대복리시설,28.27,214.65,125.0,28.0,7.0,879,338.0,421.0,120.0,159,62.0,81.0,16.0,,/servlet/image?url=images/assc/2025/07/202507021202451751425365554.png,/servlet/image?url=images/assc/2025/07/202507021202451751425365698.png,/servlet/image?url=images/assc/2025/07/202507021205201751425520858.png,,,정비구역지정~조합설립
11290-900001228,성북구,장위동,재개발(주택정비형),조합,장위9구역 공공재개발사업,장위동 238-83,조합설립인가,운영,707,장위9구역 공공재개발사업,성북구 장위동 238-83,84248.0,,제2종일반주거지역 제2종일반주거지역(7층),,72355.7,3102.3,6690.0,,,,2100.0,공동주택(아파트) 및 부대복리시설,21.38,299.99,150.0,3.0,38.0,1467,641.0,766.0,60.0,763,112.0,450.0,201.0,,/servlet/image?url=images/assc/2024/08/202408141516441723616204358.png,/servlet/image?url=images/assc/2024/08/202408201358401724129920508.jpg,/servlet/image?url=images/assc/2024/08/202408201358401724129920648.jpg,"서울특별시 성북구 장위로33길 31, 장위9구역 공공재개발 정비사업 주민대표회의 사무실 (장위동)",02-6408-0111,정비구역지정~조합설립
11560-900001018,영등포구,당산동,재개발(주택정비형),공공지원자,당산1구역 주택재개발사업,당산동6가 104,정비구역지정,운영,0,,,,,,,,,,,,,,,,,,,,0,,,,0,,,,,,,,,,정비구역지정~조합설립
11740-900001152,강동구,천호동,재개발(주택정비형),조합,천호동 532-2번지 재개발사업,천호동 532-2,조합설립인가,운영,189,천호동532-2번지 주택정비형 재개발사업,강동구 천호동 532-2,24620.0,55101.31,제2종일반주거지역,,24000.0,20.0,,,,,600.0,아마트 및 부대복리시설,26.02,229.59,,2.0,24.0,431,260.0,171.0,,77,24.0,33.0,20.0,,/servlet/image?url=images/assc/2024/08/202408121118561723429136521.jpg,,,"서울특별시 강동구 진황도로 17-1, 3층 (천호동)",010-8720-3533,정비구역지정~조합설립
11260-900001183,중랑구,망우동,재개발(주택정비형),공공지원자,상봉13구역 주택정비형 재개발사업,망우동 461,정비구역지정,운영,434,,,,,,,,,,,,,,,,,,,,0,,,,0,,,,,,,,,,정비구역지정~조합설립
11470-900001147,양천구,신정동,재개발(주택정비형),조합,신정동 1152번지 일대 주택정비형 재개발사업,신정동 1152-1,조합설립인가,운영,445,신정동 1152번지 일대 주택정비형 재개발사업,양천구 신정동 1152-1,44082.8,,제1종일반주거지역 / 제2종일반주거(7층이하)지역,해당없음,40507.8,139.3,3435.7,,,,,공동주택 및 부대복리시설,60.0,212.78,84.0,15.0,,956,406.0,466.0,84.0,121,48.0,36.0,37.0,,/servlet/image?url=images/assc/2024/06/202406101340381717994438575.jpg,,,"서울특별시 양천구 신월로 263, 2층 203호 (신월동, 로즈가든)",02-2605-9100,정비구역지정~조합설립
11530-900001080,구로구,고척동,재개발(주택정비형),추진위원회,고척산업용품상가 시장정비사업,고척동 103-4,조합설립추진위원회승인,운영,999,,,,,,,,,,,,,,,,,,,,0,,,,0,,,,,,,,,,정비구역지정~조합설립
11500-900001312,강서구,등촌동,재개발(주택정비형),조합,등촌649 소규모재개발정비사업조합,등촌동 649,조합설립인가,운영,45,등촌649 소규모재개발사업,강서구 등촌동 649번지 외 7필지,1608.0,10321.47,도시지역 준주거지역(기존:제3종 일반주거지역),,1608.0,,,,,,,공동주택,37.63,429.21,6.0,19.0,3.0,66,66.0,,,19,,,19.0,조합원(44)+일반(22),/servlet/image?url=images/assc/2025/05/202505261301161748232076141.png,,,"서울특별시 강서구 공항대로57길 8, 나동 B01호 (등촌동, 정원주택)",,정비구역지정~조합설립
11410-900001337,서대문구,충정로3가,재개발(주택정비형),공공지원자,충정로1구역 주택정비형 공공재개발사업,충정로3가 281-11,정비구역지정,운영,0,충정로1구역 주택정비형 공공재개발사업,서대문구 충정로3가 281-11,7523.1,32005.38,,준주거지역/제3종 일반주거지역,7112.5,201.9,,,208.7,,,공동주택,31.21,449.99,100.0,30.0,4.0,196,84.0,83.0,29.0,101,37.0,,64.0,,/servlet/image?url=images/assc/2025/08/202508061349201754455760674.png,/servlet/image?url=images/assc/2025/08/202508061349201754455760780.png,/servlet/image?url=images/assc/2025/08/202508061349201754455760968.png,,,정비구역지정~조합설립
11305-900000027,강북구,미아동,재개발(주택정비형),조합,미아제3구역 주택재개발정비사업조합,미아동 791-364,일반분양승인,운영,549,미아 제3구역 주택재개발,강북구 미아동 791-364번지 ,59465.0,149658.84,제2종 일반주거지역,미관지구,4760.74,6604.1,3000.7,0.0,891.0,0.0,,공공주택 및 부대복리시설,60.0,227.7,73.0,21.0,3.0,843,355.0,425.0,63.0,174,72.0,72.0,30.0,세대수,/servlet/image/assc/2015/03/201503301204251427684665072.jpg,/servlet/image/assc/2015/03/201503301159221427684362895.jpg,/servlet/image/assc/2014/01/201401101147501389322070957.jpg,"서울특별시 강북구 솔샘로67길 132, 4층 (미아동)",02-986-2427,관리처분인가~이전고시
11200-900001086,성동구,금호동,재개발(주택정비형),조합,금호21구역 주택재개발정비사업,금호동3가 1,조합설립인가,운영,860,금호 제21 주택정비 재개발구역,성동구 금호동3가 1번지,75447.0,17913.9,제2종일반주거지역(7층이하) 제2종일반주거지역 제3종일반주거지역,,51487.2,15875.8,6737.0,1347.0,,,737.1,공동주택,28.42,255.06,59.0,20.0,4.0,1219,601.0,494.0,124.0,220,65.0,103.0,52.0,,/servlet/image?url=images/assc/2024/01/202401091622131704784933624.png,/servlet/image?url=images/assc/2024/01/202401091622131704784933895.jpg,/servlet/image?url=images/assc/2025/05/202505221614431747898083944.png,"서울특별시 성동구 금호로 86, 태광빌딩 나동 3층 (금호동1가)",02-2235-2122,정비구역지정~조합설립
11440-100006009,마포구,염리동,재개발(주택정비형),추진위원회,염리5구역 주택재개발 조합설립추진위원회(뉴타운),염리동 105,조합설립추진위원회승인,일시중단,574,염리5구역 주택재개발정비사업 조합설립추진위원회,마포구 염리동 105  ,81426.0,187796.73,제3종일반주거지역,대흥로변 일반미관지구,57164.0,16439.0,5823.0,,2000.0,,,공동주택,25.06,239.95,75.0,,,1041,439.0,435.0,167.0,178,76.0,76.0,26.0,,/servlet/image/assc/2010/07/201007271119301280197170628.jpg,/servlet/image/assc/2010/07/201007271046091280195169822.jpg,/servlet/image/assc/2010/04/201004020948001270169280040.jpg,,02-716-8896,정비구역지정~조합설립
11260-900000170,중랑구,중화동,재개발(주택정비형),공공지원자,중화2재정비촉진구역 주택재개발정비사업,중화동 329-38,정비구역지정,일시중단,981,중화2재정비촉진구역 주택재개발정비사업,중랑구 중화동 329-38,,303713.0,"제2종 일반주거지역, 제3종일반주거지역",,103151.0,10754.0,14310.0,9350.0,,,3290.0,공동주택및부대복리시설,30.0,295.3,125.0,34.0,2.0,2317,985.0,680.0,652.0,550,221.0,228.0,101.0,부분임대326,/servlet/image/assc/2011/11/201111021611501320217910971.jpg,,/servlet/image/assc/2011/11/201111021613221320218002212.jpg,,,정비구역지정~조합설립
11590-100001008,동작구,노량진동,재개발(주택정비형),조합,노량진제1구역 주택재개발 조합,노량진동 122-37,이전고시,일시중단,236,노량진제1주택재개발구역,동작구 노량진동 122-37,17539.6,49333.84,2종일반주거지역,2종,15603.1,893.5,1043.0,,,,,아파트,20.76,198.46,42.0,15.0,2.0,299,118.0,136.0,45.0,0,,,,,/servlet/image/assc/2011/11/201111281018111322443091068.jpg,/servlet/image/assc/2010/02/201002171337241266381444407.jpg,/servlet/image/assc/2010/02/201002171336561266381416933.jpg,"신동아리버파크 상가동 213, 214호",02-813-3336,관리처분인가~이전고시
11305-100002000,강북구,미아동,재개발(주택정비형),조합,미아 제10-1구역 주택재개발정비사업조합,미아동 476,이전고시,일시중단,235,미아10-1 주택재개발정비사업,강북구 미아동 476-0,18474.6,,2종일반주거지역,,16180.8,1275.8,,782.0,,,236.0,공동주택,21.02,213.39,43.0,,,376,184.0,149.0,43.0,70,70.0,,,임대주택포함,/servlet/image/assc/201001121451181263275478335.JPG,/servlet/image/assc/2009/12/200912301640351262158835453.jpg,/servlet/image/assc/2009/12/200912301640341262158834890.jpg,삼창빌딩 301호,02-945-2023,관리처분인가~이전고시
11470-100001013,양천구,신월동,재개발(주택정비형),조합,신정1재정비촉진구역4지구 주택재개발정비사업 조합,신월동 612,이전고시,일시중단,758,신월.신정뉴타운제1구역4지구주택재개발정비사업조합,양천구 신월2동 612-13번지,50978.0,,제2종 일반주거지역,,40725.9,4800.7,3001.3,,,,2419.6,"아파트 및 부대복리시설,근린생활시설",20.13,234.93,57.0,,,93000,35900.0,47600.0,9500.0,160,160.0,,,,,/servlet/image/assc/2010/02/201002231711181266912678082.jpg,/servlet/image/assc/2010/02/201002261509131267164553546.jpg,우리은행 3층,02-2608-0009,관리처분인가~이전고시
11200-100002022,성동구,금호동,재개발(주택정비형),조합,금호제18구역주택재개발정비사업조합,금호동3가 632,이전고시,일시중단,238,금호제18주택재개발구역,성동구 금호동3가 632-0,20721.2,62483.49,제2종일반주거지역,,17112.8,2774.4,834.0,,,,,공동주택,22.91,224.44,,,,403,199.0,164.0,40.0,83,83.0,,,임대포함,/servlet/image/assc/2010/05/201005101609531273475393112.gif,/servlet/image/assc/2009/12/200912301638081262158688843.gif,/servlet/image/assc/2011/04/201104051111381301969498885.jpg,1층,02-2253-3849,관리처분인가~이전고시
11470-100001011,양천구,신월동,재개발(주택정비형),조합,신정1재정비촉진구역2지구 주택재개발정비사업 조합,신월동 603-3,이전고시,일시중단,280,신정1재정비촉진구역 1-2지구 재정비촉진사업,양천구 신월2동 603-3호,17152.0,55831.22,2종 일반 주거지역,공항고도지구,15555.4,1596.6,,,,,,공동주택 및 근린생활시설,18.59,229.95,58.0,20.0,2.0,357,82.0,242.0,33.0,61,61.0,,,임대주택 61세대 포함,/servlet/image/assc/2010/08/201008181403401282107820846.jpg,/servlet/image/assc/2010/08/201008181403401282107820992.jpg,/servlet/image/assc/2010/08/201008181403411282107821154.jpg,국민은행 3층,02-2606-2026,관리처분인가~이전고시
11470-100001010,양천구,신월동,재개발(주택정비형),추진위원회,신월1구역 주택재개발정비사업 조합설립추진위원회,신월동 159-192,조합설립추진위원회승인,일시중단,793,신월1구역,양천구 신월동 159-192,92546.13,236011.77,"제1종일반주거지역, 제2종일반주거지역(7층이하) 제2종 일반주거지역, 준주거지역",공항고도지구,74172.3,12366.13,4640.0,,,,,공동주택 및 부대복리시설,34.45,207.09,,13.0,2.0,1400,537.0,557.0,306.0,240,99.0,108.0,33.0,,/servlet/image/assc/2010/03/201003241227341269401254034.jpg,/servlet/image/assc/2010/03/201003241227341269401254264.jpg,/servlet/image/assc/2010/03/201003241230481269401448546.jpg,4층,02-2693-6417,정비구역지정~조합설립
11320-100003001,도봉구,쌍문동,재개발(주택정비형),조합,쌍문제1구역 주택재개발정비사업조합,쌍문동 414,이전고시,일시중단,182,쌍문제1구역재개발정비사업조합,쌍문동414번지(364-1전지외 110필지),16627.44,,주택재개발사업,,16627.44,3254.22,1187.9,,,,,아파트,24.27,235.46,5780.0,18.0,2.0,293,50.0,215.0,28.0,50,50.0,,,,/servlet/image/assc/2011/11/201111171042131321494133652.bmp,/servlet/image/assc/2011/11/201111171111501321495910480.jpg,/servlet/image/assc/2009/12/200912301640351262158835609.jpg,201호,02-904-3643,관리처분인가~이전고시
11290-100001003,성북구,정릉동,재개발(주택정비형),추진위원회,정릉제3구역주택재개발정비사업 조합설립추진위원회,정릉동 894,조합설립추진위원회승인,일시중단,419,정릉3구역주택재개발정비사업조합추진위원회,성북구 정릉동 640-17번지 일대,,,,,,,,,,,,,,,,,,0,,,,0,,,,,/servlet/image/assc/2010/07/201007191548501279522130963.jpg,,/servlet/image/assc/2010/07/201007191548511279522131655.jpg,1동 101호,02-914-1913,정비구역지정~조합설립
11305-100005002,강북구,미아동,재개발(주택정비형),추진위원회,미아제16구역 주택재개발사업 조합설립추진위원회,미아동 6,조합설립추진위원회승인,일시중단,94,미아제16구역주택재개발정비사업조합설립추진위원회,"강북구송중동6,7,49번지",,,,,,,,,,,,,,,,,,0,,,,0,,,,,,,,,02-980-4125,정비구역지정~조합설립
11230-100003009,동대문구,회기동,재개발(주택정비형),조합,회기제1구역 주택재개발정비사업조합,회기동 62-34,이전고시,일시중단,103,회기제1구역주택재개발조합,동대문구 회기동 62-34번지,14116.0,,일반주거지역,주택재개발지구,12100.0,1616.0,400.0,1815.0,0.0,0.0,0.0,공동주택(아파트)/부대시설,25.86,190.19,50200.0,,,190,,156.0,34.0,0,,,,,/servlet/image/assc/2011/07/201107081056471310090207510.jpg,/servlet/image/assc/2011/07/201107081056481310090208290.jpg,/servlet/image/assc/2011/07/201107081056511310090211415.jpg,,02-967-0280,관리처분인가~이전고시
